序号|SERIAL,代码|SECURITY_CODE,名称|SECURITY_SHORT_NAME,市场简称|MARKET_SHORT_NAME,最新价|NEWEST_PRICE|2026.05.15|元,涨跌幅|CHG|2026.05.15|%,市场码|MARKET_NUM,上市板块|TRADEMARKET,是否ST|IFSTSTOCK{2026-05-15}|2026.05.15,证券类型|SECURITYTYPE,13日均线(季线)|13日JX<100>{2026-05-15}|2026.05.15|元,21日均线(季线)|21日JX<100>{2026-05-15}|2026.05.15|元,34日均线(季线)|34日JX<100>{2026-05-15}|2026.05.15|元,收盘价(季线)|NEWEST_PRICE<100>|2026.05.15|元,总市值(日线不复权)|TOAL_MARKET_VALUE<140>|2026.05.15|元,收盘价(日线不复权)|NEWEST_PRICE<140>|2026.05.15|元,市盈率(TTM)(倍)|PETTM{2026-05-15}|2026.05.15|倍,市净率(倍)|PB|2026.05.15|倍,市盈率百分位|PE_TTM_PERCENTILE{2026-05-15}|2026.05.15|%,市盈率百分位|PE_TTM_PERCENTILE{2026-05-14}|2026.05.14|%,市盈率百分位|PE_TTM_PERCENTILE{2026-05-13}|2026.05.13|%,市盈率百分位|PE_TTM_PERCENTILE{2026-05-12}|2026.05.12|%,市盈率百分位|PE_TTM_PERCENTILE{2026-05-11}|2026.05.11|%,市净率百分位|INDEX_PERCENTILE_PB{2026-05-15}|2026.05.15|%,市净率百分位|INDEX_PERCENTILE_PB{2026-05-14}|2026.05.14|%,市净率百分位|INDEX_PERCENTILE_PB{2026-05-13}|2026.05.13|%,市净率百分位|INDEX_PERCENTILE_PB{2026-05-12}|2026.05.12|%,市净率百分位|INDEX_PERCENTILE_PB{2026-05-11}|2026.05.11|%,股息率(近12个月)|DIVIDENDYIELDY{2026-05-15}|2026.05.15|%,股息率(近12个月)|DIVIDENDYIELDY{2026-05-14}|2026.05.14|%,股息率(近12个月)|DIVIDENDYIELDY{2026-05-13}|2026.05.13|%,股息率(近12个月)|DIVIDENDYIELDY{2026-05-12}|2026.05.12|%,股息率(近12个月)|DIVIDENDYIELDY{2026-05-11}|2026.05.11|%,股息率(近12个月)|DIVIDENDYIELDY{2026-04-29}|2026.04.29|%,股息率(近12个月)|DIVIDENDYIELDY{2026-04-28}|2026.04.28|%,股息率(近12个月)|DIVIDENDYIELDY{2026-04-27}|2026.04.27|%,股息率(近12个月)|DIVIDENDYIELDY{2026-04-24}|2026.04.24|%,股息率(近12个月)|DIVIDENDYIELDY{2025-07-15}|2025.07.15|%,股息率(近12个月)|DIVIDENDYIELDY{2025-07-14}|2025.07.14|%,股息率(近12个月)|DIVIDENDYIELDY{2025-07-11}|2025.07.11|%,股息率(近12个月)|DIVIDENDYIELDY{2025-07-10}|2025.07.10|%,股息率(近12个月)|DIVIDENDYIELDY{2025-06-13}|2025.06.13|%,股息率(近12个月)|DIVIDENDYIELDY{2025-06-12}|2025.06.12|%,股息率(近12个月)|DIVIDENDYIELDY{2025-06-11}|2025.06.11|%,股息率(近12个月)|DIVIDENDYIELDY{2025-06-10}|2025.06.10|%,股息率(近12个月)|DIVIDENDYIELDY{2025-06-03}|2025.06.03|%,股息率(近12个月)|DIVIDENDYIELDY{2025-05-30}|2025.05.30|%,股息率(近12个月)|DIVIDENDYIELDY{2025-05-29}|2025.05.29|%,股息率(近12个月)|DIVIDENDYIELDY{2025-05-28}|2025.05.28|%,股息率(近12个月)|DIVIDENDYIELDY{2021-08-06}|2021.08.06|%,股息率(近12个月)|DIVIDENDYIELDY{2021-08-05}|2021.08.05|%,股息率(近12个月)|DIVIDENDYIELDY{2021-08-04}|2021.08.04|%,股息率(近12个月)|DIVIDENDYIELDY{2021-08-03}|2021.08.03|%,股息率(近12个月)|DIVIDENDYIELDY{2021-07-16}|2021.07.16|%,股息率(近12个月)|DIVIDENDYIELDY{2021-07-15}|2021.07.15|%,股息率(近12个月)|DIVIDENDYIELDY{2021-07-14}|2021.07.14|%,股息率(近12个月)|DIVIDENDYIELDY{2021-07-13}|2021.07.13|%,股息率(近12个月)|DIVIDENDYIELDY{2020-07-24}|2020.07.24|%,股息率(近12个月)|DIVIDENDYIELDY{2020-07-23}|2020.07.23|%,股息率(近12个月)|DIVIDENDYIELDY{2020-07-22}|2020.07.22|%,股息率(近12个月)|DIVIDENDYIELDY{2020-07-21}|2020.07.21|%,股息率(近12个月)|DIVIDENDYIELDY{2019-05-31}|2019.05.31|%,股息率(近12个月)|DIVIDENDYIELDY{2019-05-30}|2019.05.30|%,股息率(近12个月)|DIVIDENDYIELDY{2019-05-29}|2019.05.29|%,股息率(近12个月)|DIVIDENDYIELDY{2019-05-28}|2019.05.28|%,销售毛利率|XSMLL{2025-12-31}|2025.12.31|%,销售毛利率|XSMLL{2024-12-31}|2024.12.31|%,销售毛利率|XSMLL{2023-12-31}|2023.12.31|%,加权净资产收益率ROE|ROE_WEIGHT{2025-12-31}|2025.12.31|%,加权净资产收益率ROE|ROE_WEIGHT{2024-12-31}|2024.12.31|%,加权净资产收益率ROE|ROE_WEIGHT{2023-12-31}|2023.12.31|%,营业收入同比增长率(%)|营业收入[2023-12-31至2025-12-31]同比增长率(%)|2023.12.31-2025.12.31|%,营业收入|OPERATEREVE{2025-12-31}|2025.12.31|元,营业收入|OPERATEREVE{2024-12-31}|2024.12.31|元,营业收入|OPERATEREVE{2023-12-31}|2023.12.31|元,营业收入|OPERATEREVE{2022-12-31}|2022.12.31|元,归属母公司股东的净利润同比增长率(%)|归属母公司股东的净利润[2023-12-31至2025-12-31]同比增长率(%)|2023.12.31-2025.12.31|%,归属净利润|PARENT_NETPROFIT{2025-12-31}|2025.12.31|元,归属净利润|PARENT_NETPROFIT{2024-12-31}|2024.12.31|元,归属净利润|PARENT_NETPROFIT{2023-12-31}|2023.12.31|元,归属净利润|PARENT_NETPROFIT{2022-12-31}|2022.12.31|元,经营活动产生的现金流量净额|NETOPERATECASHFLOW{2025-12-31}|2025.12.31|元,经营活动产生的现金流量净额|NETOPERATECASHFLOW{2024-12-31}|2024.12.31|元,经营活动产生的现金流量净额|NETOPERATECASHFLOW{2023-12-31}|2023.12.31|元,资产负债率|DEBT_ASSET_RATIO{2026-05-16}|截至2026.05.16最新|%,有息负债率|INTERESTDEBTRATIO{2026-05-16}|截至2026.05.16最新|%,东财行业分类二级|INDUSTRY,东财行业总分类|INDUSTRY_ALL,申万行业分类|SW_INDUSTRY,概念|STYLE_CONCEPT,主营业务|MAIN_BUSINESS,收盘价(季线不复权)|NEWEST_PRICE<170>|2026.05.15|元,涨跌幅(季线)|CHG<100>|2026.05.15|%,涨跌幅(季线)|CHG<100>{2026-03-31}|2026.03.31|%,涨跌幅(季线)|CHG<100>{2025-12-31}|2025.12.31|%,涨跌幅(季线)|CHG<100>{2025-12-29}|2025.12.29|%,涨跌幅(季线)|CHG<100>{2025-09-30}|2025.09.30|%,成交额(季线)|TRADING_VOLUMES<100>|2026.05.15|元,成交额(季线)|TRADING_VOLUMES<100>{2026-03-31}|2026.03.31|元,成交额(季线)|TRADING_VOLUMES<100>{2025-12-31}|2025.12.31|元,成交额(季线)|TRADING_VOLUMES<100>{2025-12-29}|2025.12.29|元,成交额(季线)|TRADING_VOLUMES<100>{2025-09-30}|2025.09.30|元,换手率(季线)|TURNOVER_RATE<100>|2026.05.15|%,换手率(季线)|TURNOVER_RATE<100>{2026-03-31}|2026.03.31|%,换手率(季线)|TURNOVER_RATE<100>{2025-12-31}|2025.12.31|%,换手率(季线)|TURNOVER_RATE<100>{2025-12-29}|2025.12.29|%,换手率(季线)|TURNOVER_RATE<100>{2025-09-30}|2025.09.30|%,成交量(股)(季线)|VOLUME<100>{2025-12-31}|2025.12.31|股,成交量(股)(季线)|VOLUME<100>{2025-12-29}|2025.12.29|股,成交量(股)(季线)|VOLUME<100>{2025-09-30}|2025.09.30|股,成交量(股)(季线)|VOLUME<100>{2025-06-30}|2025.06.30|股,成交量(股)(季线)|VOLUME<100>{2025-03-31}|2025.03.31|股,涨跌额|PCHG|2026.05.15|元,最高价(日线不复权)|PEAK_PRICE<140>|2026.05.15|元,最低价(日线不复权)|BOTTOM_PRICE<140>|2026.05.15|元,换手率|TURNOVER_RATE|2026.05.15|%,量比|QRR|2026.05.15,成交量(股)|VOLUME|2026.05.15|股,成交额|TRADING_VOLUMES|2026.05.15|元,市盈率(动)(倍)|PE_DYNAMIC|2026.05.15|倍,流通市值(日线不复权)|CIRCULATION_MARKET_VALUE<140>|2026.05.15|元,IN_OPTIONAL,XSMLL{2023-12-31|2025-12-31|3|四季度}
1,600703,三安光电,SH,16.16,-7.39,1,上交所主板,否,A股,13.58,18.12,18.27,16.16,806.23亿,16.16,-162.01,2.31,3.01,2.97,2.97,2.97,2.97,22.86,24.68,23.79,23.64,22.68,0.12,0.11,0.11,0.11,0.12,-,-,-,-,-,-,-,-,-,-,-,-,-,-,-,-,-,-,-,-,-,-,-,-,-,-,-,-,-,-,-,-,12.43|2025年报,11.90|2024年报,10.15|2023年报,-0.99|2025年报,0.68|2024年报,0.97|2023年报,11.45,179.49亿|2025年报,161.06亿|2024年报,140.53亿|2023年报,132.22亿|2022年报,-239.70,-3.53亿|2025年报,2.53亿|2024年报,3.67亿|2023年报,6.85亿|2022年报,18.81亿|2025年报,26.17亿|2024年报,39.77亿|2023年报,39.32|2026一季报,56.04|2026一季报,光学光电子,电子-光学光电子-LED,电子-光学光电子-LED,【AI眼镜】【LED概念】【MSCI中国】【MicroLED】【MiniLED】【东方财富热股】【光伏概念】【光通信模块】【半导体概念】【周期股】【商业航天】【国产芯片】【大盘成长】【大盘股】【宁组合】【富时罗素】【数据中心】【昨日高振幅】【标准普尔】【植物照明】【氮化镓】【汽车芯片】【沪股通】【碳化硅】【第三代半导体】【苹果概念】【荣耀概念】【蓝宝石】【融资融券】【通信技术】,"公司主要从事化合物半导体材料与器件的研发、生产及销售,以氮化镓、砷化镓、碳化硅、磷化铟、氮化铝、蓝宝石等化合物半导体新材料所涉及的外延片、芯片为核心主业。",16.16,38.47,-17.41,-9.31,-,25.65,1209.73亿,1713.69亿,557.98亿,-,982.10亿,169.72,218.82,79.05,-,135.45,39.44亿,-,67.57亿,17.28亿,25.18亿,-1.29,17.88,15.90,9.34,1.31,4.66亿,77.25亿,298.64,806.23亿,false,
2,002812,恩捷股份,SZ,76.45,0.88,0,深交所主板,否,A股,50.28,109.11,87.58,76.45,750.84亿,76.45,199.23,2.94,99.49,99.49,99.70,99.83,99.79,27.58,27.51,27.78,27.88,27.80,0.00,-,-,-,-,-,-,-,-,-,-,-,-,-,-,-,-,5.59,5.57,5.49,5.53,-,-,-,-,-,-,-,-,-,-,-,-,-,-,-,-,18.77|2025年报,11.07|2024年报,37.43|2023年报,0.58|2025年报,-2.17|2024年报,11.87|2023年报,34.13,136.33亿|2025年报,101.64亿|2024年报,120.42亿|2023年报,125.91亿|2022年报,125.62,1.43亿|2025年报,-5.56亿|2024年报,25.27亿|2023年报,40.00亿|2022年报,11.44亿|2025年报,11.58亿|2024年报,26.67亿|2023年报,43.65|2026一季报,68.74|2026一季报,电池,电力设备-电池-电池化学品,电力设备-电池-电池化学品,【2025年报扭亏】【MSCI中国】【专精特新】【中盘成长】【中盘股】【固态电池】【宁组合】【富时罗素】【新能源车】【标准普尔】【深成500】【深股通】【电池技术】【融资融券】【西部大开发】【锂电池概念】,"专注于提供多种包装印刷产品、包装制品及服务,锂电池隔离膜、铝塑膜、水处理膜等",76.45,12.79,19.67,21.28,-,59.44,930.26亿,1158.67亿,1200.33亿,-,716.70亿,149.30,232.00,280.52,-,240.17,23.08亿,-,19.42亿,6.18亿,7.25亿,0.67,77.61,74.21,3.99,0.78,3279.26万,24.95亿,72.11,628.92亿,false,
3,300014,亿纬锂能,SZ,65.78,0.74,0,深交所创业板,否,A股,53.01,67.46,52.42,65.78,1429.59亿,65.78,31.91,2.97,22.93,22.67,24.66,24.25,26.05,15.84,15.49,17.09,16.85,18.02,1.42,1.43,1.02,1.03,1.00,-,-,-,-,-,-,-,-,-,-,-,-,-,-,-,-,-,-,-,-,-,-,-,-,-,-,-,-,-,-,-,-,16.17|2025年报,17.41|2024年报,16.64|2023年报,10.50|2025年报,11.30|2024年报,12.48|2023年报,26.44,614.70亿|2025年报,486.15亿|2024年报,487.84亿|2023年报,363.04亿|2022年报,1.44,41.34亿|2025年报,40.76亿|2024年报,40.50亿|2023年报,35.09亿|2022年报,74.92亿|2025年报,44.34亿|2024年报,86.76亿|2023年报,64.89|2026一季报,41.70|2026一季报,电池,电力设备-电池-锂电池,电力设备-电池-锂电池,【HS300_】【MSCI中国】【低空经济】【储能概念】【充电桩】【创业成份】【创业板综】【周期股】【固态电池】【大盘股】【宁组合】【安防概念】【富时罗素】【新能源车】【无线耳机】【机器人概念】【消费电子概念】【深成500】【深股通】【深证100R】【电子烟】【电池技术】【胎压监测】【茅指数】【融资融券】【钠离子电池】【锂电池概念】【锂矿概念】,消费电池(包括锂原电池、小型锂离子电池、圆柱电池)、动力电池(包括新能源汽车电池及其电池系统)和储能电池的研发、生产和销售。,65.78,6.10,-5.39,-27.81,-,100.24,1596.25亿,2269.74亿,2652.15亿,-,2551.35亿,108.64,169.01,169.56,-,218.92,33.91亿,-,40.75亿,12.07亿,15.99亿,0.48,67.73,64.51,3.57,0.87,7551.81万,49.75亿,24.71,1389.59亿,false,
4,603659,璞泰来,SH,32.21,0.09,1,上交所主板,否,A股,23.66,32.28,26.12,32.21,688.13亿,32.21,26.72,3.28,26.55,26.42,28.32,28.23,28.92,26.79,26.75,27.78,27.70,28.34,1.22,1.22,1.18,1.19,1.17,-,-,-,-,-,-,-,-,-,-,-,-,-,-,-,-,-,-,-,-,-,-,-,-,-,-,-,-,-,-,-,-,31.72|2025年报,27.49|2024年报,32.82|2023年报,12.15|2025年报,6.57|2024年报,13.27|2023年报,16.83,157.11亿|2025年报,134.48亿|2024年报,153.40亿|2023年报,154.64亿|2022年报,98.14,23.59亿|2025年报,11.91亿|2024年报,19.12亿|2023年报,31.04亿|2022年报,26.97亿|2025年报,23.72亿|2024年报,11.18亿|2023年报,54.68|2026一季报,39.98|2026一季报,电池,电力设备-电池-电池化学品,电力设备-电池-电池化学品,【2025年报预增】【MSCI中国】【PVDF概念】【上证380】【中盘股】【中证500】【储能概念】【固态电池】【复合集流体】【富时罗素】【新能源车】【标准普尔】【沪股通】【特斯拉概念】【电池技术】【融资融券】【锂电池概念】【长江三角】,"涵盖负极材料、涂覆隔膜、PVDF及粘结剂、复合集流体、铝塑包装膜、纳米氧化铝及勃姆石等材料,同时为新能源电池及电池材料产业提供自动化工艺装备及智能制造体系的服务",32.21,1.45,17.12,-11.67,-,65.44,648.16亿,843.00亿,682.26亿,-,753.18亿,88.24,131.77,113.46,-,150.35,24.24亿,-,32.12亿,13.57亿,17.99亿,0.03,32.88,31.69,2.30,0.84,4907.23万,15.83亿,24.43,688.13亿,false,
5,002049,紫光国微,SZ,77.27,-1.94,0,深交所主板,否,A股,71.68,95.75,76.22,77.27,656.51亿,77.27,39.74,4.71,20.89,22.25,24.53,22.67,24.41,35.55,36.87,40.73,37.61,40.67,0.27,0.26,0.25,0.26,0.25,-,-,-,-,-,-,-,-,-,-,-,-,-,-,-,-,-,-,-,-,-,-,-,-,-,-,-,-,-,-,-,-,55.56|2025年报,55.77|2024年报,61.05|2023年报,11.10|2025年报,9.88|2024年报,23.81|2023年报,11.52,61.46亿|2025年报,55.11亿|2024年报,75.76亿|2023年报,71.20亿|2022年报,21.86,14.37亿|2025年报,11.79亿|2024年报,25.32亿|2023年报,26.32亿|2022年报,7.67亿|2025年报,14.67亿|2024年报,17.69亿|2023年报,25.47|2026一季报,37.69|2026一季报,半导体,电子-半导体-数字芯片设计,电子-半导体-数字芯片设计,【5G概念】【AI芯片】【EDA概念】【ETC】【HS300_】【IGBT概念】【MSCI中国】【人工智能】【军工】【区块链】【半导体概念】【卫星互联网】【商业航天】【国产芯片】【大盘股】【大飞机】【存储芯片】【富时罗素】【数字货币】【标准普尔】【汽车芯片】【深成500】【深股通】【深证100R】【碳化硅】【移动支付】【算力概念】【蓝宝石】【融资融券】【车联网(车路云)】【转债标的】【通信技术】【高带宽内存】,"以特种集成电路、智能安全芯片为两大主业,同时布局石英晶体频率器件和半导体功率器件领域,为移动通信、金融、政务、汽车、工业、物联网等多个行业提供芯片、系统解决方案和终端产品,致力于赋能千行百业,共创智慧世界",77.27,17.00,-16.20,-,-12.73,37.12,545.20亿,907.31亿,-,990.77亿,1446.87亿,85.16,132.46,-,144.50,218.36,-,12.27亿,18.55亿,9.86亿,14.48亿,-1.53,80.48,76.68,4.50,0.92,3824.19万,29.92亿,49.10,656.42亿,false,
6,002241,歌尔股份,SZ,25.33,0.00,0,深交所主板,否,A股,22.92,26.89,23.43,25.33,899.16亿,25.33,22.62,2.41,12.23,12.21,12.67,12.10,12.44,18.54,18.53,20.13,18.33,19.23,1.15,1.15,1.12,1.16,1.13,-,-,-,-,-,-,-,-,-,-,-,-,-,-,-,-,-,-,-,-,-,-,-,-,-,-,-,-,-,-,-,-,11.80|2025年报,11.09|2024年报,8.95|2023年报,11.29|2025年报,8.46|2024年报,3.59|2023年报,-4.36,965.50亿|2025年报,1009.54亿|2024年报,985.74亿|2023年报,1048.94亿|2022年报,47.85,39.40亿|2025年报,26.65亿|2024年报,10.88亿|2023年报,17.49亿|2022年报,68.49亿|2025年报,62.00亿|2024年报,81.52亿|2023年报,58.71|2026一季报,46.88|2026一季报,消费电子,电子-消费电子-消费电子零部件及组装,电子-消费电子-消费电子零部件及组装,【AI眼镜】【HS300_】【LED概念】【MSCI中国】【MicroLED】【传感器】【元宇宙概念】【华为概念】【国产芯片】【增强现实】【大盘股】【富时罗素】【小米概念】【工业互联】【无人机】【无线耳机】【智能家居】【智能电视】【智能穿戴】【机构重仓】【标准普尔】【消费电子概念】【深成500】【深股通】【深证100R】【混合现实】【独角兽】【苹果概念】【茅指数】【虚拟现实】【融资融券】【证金持股】,精密零组件业务、智能声学整机业务和智能硬件业务,25.33,13.28,-22.17,-23.08,-,61.20,623.36亿,1409.16亿,1793.25亿,-,2760.43亿,80.38,163.80,183.19,-,296.77,57.53亿,-,92.92亿,51.46亿,55.35亿,0.00,25.95,25.15,4.17,1.10,1.31亿,33.53亿,44.69,796.02亿,false,
7,600460,士兰微,SH,30.95,-1.37,1,上交所主板,否,A股,25.23,33.16,26.39,30.95,515.03亿,30.95,112.25,4.22,75.77,76.15,76.22,75.13,75.43,46.62,47.51,47.75,45.25,45.64,0.13,0.13,0.13,0.13,0.13,-,-,-,-,-,-,-,-,-,-,-,-,-,-,-,-,-,-,-,-,-,-,-,-,-,-,-,-,-,-,-,-,18.83|2025年报,19.09|2024年报,22.21|2023年报,3.29|2025年报,1.81|2024年报,-0.47|2023年报,16.32,130.52亿|2025年报,112.21亿|2024年报,93.40亿|2023年报,82.82亿|2022年报,81.27,3.99亿|2025年报,2.20亿|2024年报,-3578.58万|2023年报,10.52亿|2022年报,14.98亿|2025年报,4.43亿|2024年报,3.17亿|2023年报,52.87|2026一季报,64.10|2026一季报,半导体,电子-半导体-分立器件,电子-半导体-分立器件,【2025年报预增】【HS300_】【IGBT概念】【LED概念】【MSCI中国】【OLED】【上证380】【中盘成长】【中盘股】【半导体概念】【国产芯片】【富时罗素】【智能穿戴】【标准普尔】【氮化镓】【沪股通】【消费电子概念】【碳化硅】【第三代半导体】【融资融券】【长江三角】,"专注于硅半导体、化合物半导体产品的设计与制造,向客户提供高质量的硅基集成电路、分立器件和化合物半导体器件(LED芯片和成品,SiC、GaN功率器件)产品。",30.95,21.28,-10.17,-9.64,-,26.67,362.64亿,894.68亿,870.50亿,-,1105.23亿,75.48,175.86,169.93,-,227.46,28.28亿,-,37.85亿,10.94亿,16.49亿,-0.43,32.20,30.51,5.14,1.11,8554.47万,26.71亿,61.65,515.03亿,false,
8,000100,TCL科技,SZ,4.18,-2.34,0,深交所主板,否,A股,4.33,4.40,4.14,4.18,869.48亿,4.18,17.18,1.39,41.65,43.22,44.54,43.13,44.15,12.09,15.45,18.69,15.00,17.59,1.14,1.11,1.09,1.11,1.09,-,-,-,-,-,-,-,-,-,-,-,-,-,-,-,-,-,-,-,-,-,-,-,-,-,-,-,-,-,-,-,-,13.15|2025年报,11.59|2024年报,14.20|2023年报,7.98|2025年报,2.95|2024年报,4.27|2023年报,11.67,1840.63亿|2025年报,1648.23亿|2024年报,1743.67亿|2023年报,1665.53亿|2022年报,188.78,45.17亿|2025年报,15.64亿|2024年报,22.15亿|2023年报,2.61亿|2022年报,440.22亿|2025年报,295.27亿|2024年报,253.15亿|2023年报,65.03|2026一季报,68.93|2026一季报,光学光电子,电子-光学光电子-面板,电子-光学光电子-面板,【2025年报预增】【AI眼镜】【AI芯片】【HS300_】【MSCI中国】【MicroLED】【MiniLED】【OLED】【光伏概念】【半导体概念】【华为概念】【参股银行】【周期股】【大盘股】【富时罗素】【小米概念】【屏下摄像】【工业互联】【显示技术】【柔性屏(折叠屏)】【标准普尔】【深成500】【深股通】【深证100R】【电子纸概念】【绿色电力】【虚拟现实】【融资融券】,"半导体显示业务,新能源光伏及其他硅材料业务",4.18,-2.11,-5.95,5.34,-,0.70,524.39亿,1486.30亿,952.00亿,-,1051.39亿,63.78,161.36,120.78,-,129.46,218.57亿,-,234.28亿,130.17亿,197.55亿,-0.10,4.33,4.17,3.54,1.09,6.76亿,28.64亿,13.97,799.72亿,false,
9,603501,豪威集团,SH,101.39,0.89,1,上交所主板,否,A股,110.24,123.38,108.49,101.39,1278.68亿,101.39,34.72,3.89,19.84,19.26,21.23,21.06,19.74,1.09,0.96,1.14,1.10,1.01,0.59,0.59,0.58,0.58,0.59,-,-,-,-,-,-,-,-,-,-,-,-,-,-,-,-,-,-,-,-,-,-,-,-,-,-,-,-,-,-,-,-,30.63|2025年报,29.44|2024年报,21.76|2023年报,15.39|2025年报,14.83|2024年报,2.98|2023年报,12.14,288.55亿|2025年报,257.31亿|2024年报,210.21亿|2023年报,200.78亿|2022年报,21.73,40.45亿|2025年报,33.23亿|2024年报,5.56亿|2023年报,9.90亿|2022年报,41.20亿|2025年报,47.72亿|2024年报,75.37亿|2023年报,33.13|2026一季报,61.55|2026一季报,半导体,电子-半导体-数字芯片设计,电子-半导体-数字芯片设计,【3D摄像头】【AH股】【HS300_】【MSCI中国】【上证180_】【上证50_】【中芯概念】【传感器】【半导体概念】【华为概念】【国产芯片】【大盘成长】【大盘股】【宁组合】【富时罗素】【小米概念】【无人驾驶】【无线耳机】【昨日高振幅】【标准普尔】【汽车芯片】【沪股通】【消费电子概念】【电子后视镜】【百元股】【茅指数】【融资融券】【超清视频】【转债标的】【长江三角】,"从事芯片设计业务,半导体产品设计,集成电路的研发设计和销售",101.39,6.77,-24.58,-16.50,-,18.69,752.28亿,1049.22亿,1141.13亿,-,2123.68亿,63.20,71.94,73.27,-,130.36,8.86亿,-,15.73亿,7.44亿,15.01亿,0.89,104.70,97.80,3.44,1.30,4165.98万,42.15亿,63.56,1227.23亿,false,
10,002179,中航光电,SZ,39.46,-2.28,0,深交所主板,否,A股,38.81,40.69,32.86,39.46,835.54亿,39.46,43.52,3.39,73.86,75.63,79.23,77.02,76.28,15.90,17.01,20.55,17.80,17.31,2.03,1.98,1.91,1.96,1.97,-,-,-,-,-,-,-,-,-,-,-,-,-,-,-,-,-,-,-,-,-,-,-,-,-,-,-,-,-,-,-,-,29.19|2025年报,36.61|2024年报,37.90|2023年报,9.16|2025年报,15.67|2024年报,17.68|2023年报,3.39,213.86亿|2025年报,206.86亿|2024年报,200.74亿|2023年报,158.38亿|2022年报,-35.56,21.62亿|2025年报,33.54亿|2024年报,33.39亿|2023年报,27.18亿|2022年报,15.62亿|2025年报,21.50亿|2024年报,30.88亿|2023年报,35.11|2026一季报,10.33|2026一季报,军工电子Ⅱ,国防军工-军工电子Ⅱ-军工电子Ⅲ,国防军工-军工电子Ⅱ-军工电子Ⅲ,【5G概念】【6G概念】【CPO概念】【HS300_】【MSCI中国】【低空经济】【充电桩】【军工】【军民融合】【北交所概念】【华为概念】【可控核聚变】【周期股】【商业航天】【大盘股】【大飞机】【央国企改革】【富时罗素】【换电概念】【新能源车】【机器人概念】【标准普尔】【液冷概念】【深成500】【深股通】【深证100R】【特斯拉概念】【破增发价股】【融资融券】【通信技术】,"中高端光、电、流体连接技术与产品的研究与开发,专业为航空及防务和高端制造提供互连解决方案",39.46,16.75,-4.63,-14.13,-,2.25,489.90亿,933.59亿,519.21亿,-,541.47亿,61.84,122.09,70.38,-,64.84,14.64亿,-,13.49亿,8.76亿,10.45亿,-0.92,41.20,39.10,2.29,0.55,4806.61万,19.20亿,52.45,827.28亿,false,
11,601012,隆基绿能,SH,15.60,-4.29,1,上交所主板,否,A股,18.85,32.02,26.52,15.60,1182.18亿,15.60,-17.11,2.34,14.69,14.09,13.48,13.48,13.57,22.00,25.22,27.16,26.81,26.32,0.00,-,-,-,-,-,-,-,-,1.06,1.05,1.05,1.03,-,-,-,-,-,-,-,-,-,-,-,-,-,-,-,-,-,-,-,-,-,-,-,-,0.81|2025年报,7.44|2024年报,18.54|2023年报,-11.15|2025年报,-13.07|2024年报,16.24|2023年报,-14.82,703.47亿|2025年报,825.82亿|2024年报,1294.98亿|2023年报,1289.98亿|2022年报,25.29,-64.20亿|2025年报,-85.92亿|2024年报,107.51亿|2023年报,148.12亿|2022年报,43.59亿|2025年报,-47.25亿|2024年报,81.17亿|2023年报,66.08|2026一季报,36.72|2026一季报,光伏设备,电力设备-光伏设备-光伏主材,电力设备-光伏设备-光伏电池组件,【BC电池】【HJT电池】【HS300_】【MSCI中国】【上证180_】【上证50_】【储能概念】【光伏概念】【反内卷概念】【周期股】【大盘股】【宁组合】【富时罗素】【标准普尔】【氢能源】【沪股通】【特斯拉概念】【百度概念】【茅指数】【融资融券】【西部大开发】【证金持股】【转债标的】【钙钛矿电池】,"单晶硅棒和硅片、电池和组件的研发、生产和销售,以及光伏电站的开发运营等",15.60,-11.06,-3.63,1.11,-,19.84,701.88亿,2488.43亿,2530.70亿,-,1414.10亿,54.70,176.37,166.71,-,111.63,126.33亿,-,84.59亿,37.46亿,52.22亿,-0.70,16.28,15.55,3.24,1.38,2.46亿,38.70亿,-15.39,1182.18亿,false,
12,002230,科大讯飞,SZ,47.14,-1.13,0,深交所主板,否,A股,49.47,49.07,43.47,47.14,1132.34亿,47.14,131.22,4.96,71.94,72.57,74.76,74.23,75.87,19.13,20.39,24.76,23.35,28.23,0.20,0.20,0.19,0.20,0.19,-,-,-,-,-,-,-,-,-,-,-,-,-,-,-,-,-,-,-,-,-,-,-,-,-,-,-,-,-,-,-,-,42.36|2025年报,42.63|2024年报,42.66|2023年报,4.57|2025年报,3.21|2024年报,3.94|2023年报,16.12,271.05亿|2025年报,233.43亿|2024年报,196.50亿|2023年报,188.20亿|2022年报,49.85,8.39亿|2025年报,5.60亿|2024年报,6.57亿|2023年报,5.61亿|2022年报,32.08亿|2025年报,24.95亿|2024年报,3.50亿|2023年报,56.41|2026一季报,35.27|2026一季报,软件开发,计算机-软件开发-横向通用软件,计算机-软件开发-横向通用软件,【2025年报预增】【AIGC概念】【AI应用】【ChatGPT概念】【HS300_】【MSCI中国】【中特估】【互联医疗】【人工智能】【人形机器人】【人脑工程】【信创】【元宇宙概念】【创新医疗服务】【华为概念】【国产软件】【在线教育】【基金重仓】【多模态AI】【大盘成长】【大盘股】【央视50_】【富时罗素】【工业互联】【数字孪生】【无人驾驶】【无线耳机】【智慧城市】【智能家居】【智能穿戴】【机器人概念】【标准普尔】【消费电子概念】【深成500】【深股通】【深证100R】【独角兽】【生物识别】【虚拟数字人】【融资融券】【超清视频】【车联网(车路云)】【量子科技】【阿里概念】【雄安新区】,"智慧教育业务,智慧医疗业务,智慧城市业务,开放平台与消费者业务,运营商、智慧汽车、智慧金融等企业客户AI解决方案业务",47.14,2.01,-8.11,-10.28,-,17.31,581.24亿,2405.66亿,1327.71亿,-,1821.67亿,54.69,192.00,115.65,-,162.00,25.32亿,-,35.46亿,14.04亿,32.70亿,-0.54,48.54,47.04,2.41,0.91,5280.79万,25.14亿,-166.79,1032.03亿,false,
13,300999,金龙鱼,SZ,27.58,-1.25,0,深交所创业板,否,A股,31.51,40.84,-,27.58,1495.27亿,27.58,40.93,1.53,1.33,2.44,4.29,4.07,5.11,2.14,2.81,4.15,4.00,4.97,0.83,-,-,-,-,0.40,0.40,0.40,0.40,-,-,-,-,-,-,-,-,-,-,-,-,-,-,-,-,-,-,-,-,-,-,-,-,-,-,-,-,6.43|2025年报,5.36|2024年报,4.83|2023年报,3.32|2025年报,2.70|2024年报,3.16|2023年报,2.87,2451.26亿|2025年报,2382.79亿|2024年报,2515.24亿|2023年报,2574.85亿|2022年报,26.01,31.53亿|2025年报,25.02亿|2024年报,28.48亿|2023年报,30.11亿|2022年报,154.45亿|2025年报,60.38亿|2024年报,149.21亿|2023年报,54.03|2026一季报,71.47|2026一季报,农产品加工,农林牧渔-农产品加工-粮油加工,农林牧渔-农产品加工-粮油加工,【HS300_】【上海自贸】【体育产业】【创业成份】【创业板综】【大盘股】【富时罗素】【深成500】【深股通】【深证100R】【电商概念】【社区团购】【茅指数】【融资融券】【行业龙头】【调味品概念】【超级品牌】【长江三角】【预制菜概念】,主营业务是厨房食品、饲料原料及油脂科技产品的研发、生产与销售,27.58,-3.80,-0.24,-8.91,-,6.84,78.01亿,262.48亿,196.32亿,-,235.19亿,50.88,160.94,117.40,-,135.28,6.37亿,-,7.34亿,4.13亿,3.61亿,-0.35,27.95,27.52,1.80,0.99,974.86万,2.70亿,25.23,149.66亿,false,
14,600438,通威股份,SH,16.25,-4.07,1,上交所主板,否,A股,22.18,29.56,22.52,16.25,731.57亿,16.25,-7.78,2.09,7.49,7.32,7.19,7.27,7.16,12.53,15.41,16.54,15.82,16.56,0.00,-,-,-,-,-,-,-,-,-,-,-,-,5.66,5.63,5.58,5.65,-,-,-,-,-,-,-,-,-,-,-,-,-,-,-,-,-,-,-,-,2.70|2025年报,6.39|2024年报,26.16|2023年报,-21.95|2025年报,-12.77|2024年报,22.59|2023年报,-8.55,841.28亿|2025年报,919.94亿|2024年报,1391.04亿|2023年报,1424.23亿|2022年报,-35.73,-95.53亿|2025年报,-70.39亿|2024年报,135.74亿|2023年报,257.34亿|2022年报,13.79亿|2025年报,11.44亿|2024年报,306.79亿|2023年报,74.23|2026一季报,69.42|2026一季报,光伏设备,电力设备-光伏设备-光伏主材,电力设备-光伏设备-硅料硅片,【BC电池】【HJT电池】【HS300_】【MSCI中国】【TOPCon电池】【上证180_】【光伏概念】【半导体概念】【反内卷概念】【周期股】【大盘价值】【大盘股】【富时罗素】【成渝特区】【新能源】【标准普尔】【水产概念】【沪股通】【融资融券】【西部大开发】【转债标的】【钙钛矿电池】,"在农业方面,公司主营业务为水产饲料、畜禽饲料等产品的研究、生产和销售,用以满足水产、畜禽动物养殖过程中的生长和营养所需;在新能源方面,公司以高纯晶硅、太阳能电池等产品的研发、生产、销售为主;在综合应用端,公司聚焦规模化“渔光一体”基地的开发与建设,全力打造具有核心竞争优势的生态养殖+绿色能源的“渔光一体”模式,加强产业协同发展",16.25,-1.63,-19.49,-7.94,-,33.07,321.17亿,745.13亿,1361.16亿,-,1530.12亿,41.18,85.94,127.06,-,161.38,57.20亿,-,72.65亿,24.79亿,28.24亿,-0.69,16.90,16.10,1.91,1.27,8616.65万,14.05亿,-7.48,731.57亿,false,
15,002920,德赛西威,SZ,105.00,1.64,0,深交所主板,否,A股,118.31,117.63,86.80,105.00,626.65亿,105.00,26.86,4.13,11.72,10.54,12.72,11.00,11.40,18.37,16.75,18.83,17.21,17.71,1.18,1.20,1.17,1.20,1.19,-,-,-,-,-,-,-,-,-,-,-,-,-,-,-,-,-,-,-,-,-,-,-,-,-,-,-,-,-,-,-,-,19.07|2025年报,19.88|2024年报,19.97|2023年报,21.67|2025年报,23.07|2024年报,21.94|2023年报,17.88,325.57亿|2025年报,276.18亿|2024年报,219.08亿|2023年报,149.33亿|2022年报,22.38,24.54亿|2025年报,20.05亿|2024年报,15.47亿|2023年报,11.85亿|2022年报,28.84亿|2025年报,14.94亿|2024年报,11.41亿|2023年报,49.36|2026一季报,5.41|2026一季报,汽车零部件,汽车-汽车零部件-汽车电子电气系统,计算机-软件开发-垂直应用软件,【HS300_】【MSCI中国】【传感器】【华为概念】【华为汽车】【周期股】【大盘成长】【大盘股】【富时罗素】【小米汽车】【无人驾驶】【机器人概念】【机构重仓】【标准普尔】【毫米波概念】【深成500】【深股通】【深证100R】【百元股】【百度概念】【融资融券】【车联网(车路云)】,汽车电子产品的研发设计、生产和销售,105.00,2.30,-13.79,-20.62,-,48.67,259.56亿,702.93亿,657.24亿,-,699.59亿,41.04,100.69,97.50,-,104.08,5.41亿,-,5.76亿,3.46亿,4.01亿,1.69,107.20,102.56,2.08,1.24,1238.69万,13.03亿,33.95,626.45亿,false,
16,600027,华电国际,SH,5.34,1.33,1,上交所主板,否,A股,5.40,4.86,3.97,5.34,620.07亿,5.34,10.56,1.24,44.75,43.70,45.33,44.64,43.41,39.43,38.49,40.43,39.35,37.91,3.97,4.02,3.94,3.98,4.06,-,-,-,-,-,-,-,-,-,-,-,-,-,-,-,-,-,-,-,-,-,-,-,-,-,-,-,-,-,-,-,-,11.44|2025年报,8.32|2024年报,6.43|2023年报,11.81|2025年报,11.42|2024年报,9.48|2023年报,-10.95,1260.13亿|2025年报,1415.02亿|2024年报,1171.76亿|2023年报,1070.59亿|2022年报,1.39,60.70亿|2025年报,59.87亿|2024年报,45.22亿|2023年报,1.16亿|2022年报,272.21亿|2025年报,194.57亿|2024年报,132.52亿|2023年报,59.71|2026一季报,83.70|2026一季报,电力,公用事业-电力-火力发电,公用事业-电力-火力发电,【AH股】【HS300_】【MSCI中国】【上证180_】【价值股】【大盘价值】【大盘股】【央国企改革】【富时罗素】【新能源】【标准普尔】【沪股通】【红利股】【绿色电力】【虚拟电厂】【融资融券】【证金持股】【超超临界发电】【风能】,"建设、经营发电厂,包括大型高效的燃煤、燃气发电机组及水力发电项目",5.34,13.38,-5.04,-0.80,-,-4.76,179.12亿,362.05亿,275.87亿,-,321.38亿,39.33,77.11,61.48,-,70.08,52.32亿,-,59.64亿,51.01亿,43.86亿,0.07,5.38,5.18,1.99,0.98,1.84亿,9.72亿,8.67,492.12亿,false,
17,301269,华大九天,SZ,95.67,1.49,0,深交所创业板,否,A股,104.26,-,-,95.67,521.82亿,95.67,-2400.90,10.03,0.22,0.33,0.00,0.00,0.00,21.81,20.20,22.08,21.77,20.48,0.16,0.16,0.16,0.16,0.16,-,-,-,-,-,-,-,-,-,-,-,-,-,-,-,-,-,-,-,-,-,-,-,-,-,-,-,-,-,-,-,-,89.25|2025年报,93.31|2024年报,93.78|2023年报,1.19|2025年报,2.24|2024年报,4.26|2023年报,8.40,13.25亿|2025年报,12.22亿|2024年报,10.10亿|2023年报,7.98亿|2022年报,-44.30,6098.35万|2025年报,1.09亿|2024年报,2.01亿|2023年报,1.86亿|2022年报,5.61亿|2025年报,-5177.71万|2024年报,2.49亿|2023年报,13.98|2026一季报,49.58|2026一季报,软件开发,计算机-软件开发-垂直应用软件,计算机-软件开发-垂直应用软件,【EDA概念】【HS300_】【MSCI中国】【专精特新】【人工智能】【信创】【创业成份】【创业板综】【国产芯片】【大盘成长】【大盘股】【存储芯片】【机构重仓】【深成500】【深股通】【深证100R】【融资融券】,从事用于集成电路设计、制造和封装的EDA工具软件开发、销售及相关服务业务,95.67,17.94,-23.71,-15.81,-,1.95,188.83亿,305.79亿,499.64亿,-,555.48亿,38.81,53.63,75.89,-,85.81,4.14亿,-,4.68亿,2.85亿,2.68亿,1.40,98.28,92.72,2.04,1.07,1114.54万,10.65亿,-178.70,521.82亿,false,
18,601888,中国中免,SH,59.00,-2.96,1,上交所主板,否,A股,76.21,129.88,125.14,59.00,1225.90亿,59.00,30.67,2.12,32.48,34.92,36.27,36.48,38.85,0.15,0.27,0.50,0.60,1.17,2.19,2.13,2.11,2.10,2.06,-,-,-,-,-,-,-,-,-,-,-,-,-,-,-,-,-,-,-,-,-,-,-,-,-,-,-,-,-,-,-,-,32.75|2025年报,32.03|2024年报,31.82|2023年报,6.48|2025年报,7.88|2024年报,13.12|2023年报,-4.92,536.94亿|2025年报,564.74亿|2024年报,675.40亿|2023年报,544.33亿|2022年报,-15.96,35.86亿|2025年报,42.67亿|2024年报,67.14亿|2023年报,50.30亿|2022年报,60.59亿|2025年报,79.39亿|2024年报,151.26亿|2023年报,25.54|2026一季报,43.11|2026一季报,旅游零售Ⅱ,商贸零售-旅游零售Ⅱ-旅游零售Ⅲ,商贸零售-旅游零售Ⅱ-旅游零售Ⅲ,【AH股】【HS300_】【MSCI中国】【上证180_】【上证50_】【中字头】【免税概念】【大盘股】【央国企改革】【富时罗素】【旅游酒店】【机构重仓】【标准普尔】【沪股通】【海南自贸】【电商概念】【茅指数】【融资融券】【行业龙头】【证金持股】【零售概念】,"主要从事以免税为主的旅游零售业务,包括烟酒、香化、精品、服饰、电子产品等免税商品的批发、零售等业务。此外,公司还从事以免税业务为核心的商业综合体投资开发业务",59.00,-16.17,-25.57,32.59,-,17.46,489.17亿,2036.14亿,2383.75亿,-,1277.24亿,38.33,118.47,148.09,-,95.94,28.91亿,-,18.73亿,10.66亿,8.85亿,-1.80,60.70,58.92,2.13,1.23,4153.71万,24.73亿,13.05,1151.96亿,false,
19,601127,赛力斯,SH,83.26,-2.10,1,上交所主板,否,A股,98.82,81.65,55.33,83.26,1450.38亿,83.26,24.32,3.51,59.58,60.06,61.83,61.44,63.09,23.39,25.19,27.48,27.16,28.42,0.35,0.34,1.37,1.38,1.35,-,-,-,-,-,-,-,-,-,-,-,-,-,-,-,-,-,-,-,-,-,-,-,-,-,-,-,-,-,-,-,-,29.14|2025年报,26.15|2024年报,9.86|2023年报,23.53|2025年报,45.43|2024年报,-22.39|2023年报,13.69,1650.54亿|2025年报,1451.76亿|2024年报,358.42亿|2023年报,341.05亿|2022年报,0.18,59.57亿|2025年报,59.46亿|2024年报,-24.50亿|2023年报,-38.32亿|2022年报,289.14亿|2025年报,225.15亿|2024年报,63.98亿|2023年报,65.92|2026一季报,6.98|2026一季报,乘用车,汽车-乘用车-电动乘用车,汽车-乘用车-电动乘用车,【AH股】【HS300_】【MSCI中国】【上证180_】【上证50_】【人工智能】【华为概念】【华为汽车】【参股银行】【周期股】【地摊经济】【大盘成长】【大盘股】【成渝特区】【抖音概念(字节概念)】【新能源车】【无人驾驶】【标准普尔】【汽车整车】【沪股通】【物联网】【百度概念】【融资融券】【西部大开发】【车联网(车路云)】【阿里概念】,"以新能源汽车为核心业务的技术科技型汽车企业,业务涉及新能源汽车及核心三电等产品的研发、制造、销售及服务",83.26,-8.33,-24.91,-29.37,-,27.80,521.66亿,1284.28亿,1958.56亿,-,2694.32亿,37.57,75.13,91.23,-,127.37,13.77亿,-,19.23亿,12.07亿,16.39亿,-1.79,85.30,82.88,1.40,0.83,2177.46万,18.24亿,48.06,1296.53亿,false,
20,600115,中国东航,SH,4.13,-4.84,1,上交所主板,否,A股,4.23,4.56,4.91,4.13,912.22亿,4.13,91.68,6.47,91.62,91.78,91.92,91.85,91.94,86.91,88.25,89.42,89.04,89.50,0.00,-,-,-,-,-,-,-,-,-,-,-,-,-,-,-,-,-,-,-,-,1.16,1.14,1.14,1.12,-,-,-,-,-,-,-,-,-,-,-,-,5.21|2025年报,4.26|2024年报,1.16|2023年报,-16.81|2025年报,-23.04|2024年报,-32.34|2023年报,5.92,1399.41亿|2025年报,1321.20亿|2024年报,1137.88亿|2023年报,463.05亿|2022年报,61.36,-16.33亿|2025年报,-42.26亿|2024年报,-81.90亿|2023年报,-373.56亿|2022年报,379.41亿|2025年报,373.14亿|2024年报,265.53亿|2023年报,86.28|2026一季报,68.37|2026一季报,航空机场,交通运输-航空机场-航空运输,交通运输-航空机场-航空运输,【AH股】【HS300_】【MSCI中国】【周期股】【大盘成长】【大盘股】【大飞机】【央国企改革】【富时罗素】【机构重仓】【标准普尔】【沪股通】【电商概念】【破增发价股】【融资融券】【通用航空】,"国内和经批准的国际、地区航空客、货、邮、行李运输业务及延伸服务。此外,公司还获准开展以下业务经营:通用航空业务;航空器维修;航空设备制造与维修;国内外航空公司的代理业务;与航空运输有关的其他业务;保险兼业代理服务;电子商务;空中超市;商品批发、零售",4.13,-2.82,-29.17,44.58,-,2.98,279.73亿,575.81亿,377.50亿,-,240.47亿,36.88,63.67,43.93,-,35.23,74.79亿,-,60.29亿,42.87亿,42.07亿,-0.21,4.34,4.10,1.82,1.44,3.10亿,12.93亿,13.97,703.13亿,false,
21,601360,三六零,SH,10.98,-0.81,1,上交所主板,否,A股,9.97,10.12,14.77,10.98,768.55亿,10.98,119.07,2.63,98.16,98.19,98.33,98.30,98.39,49.93,51.41,55.91,55.21,57.64,1.82,1.81,1.74,1.75,1.71,-,-,-,-,-,-,-,-,-,-,-,-,-,-,-,-,-,-,-,-,-,-,-,-,-,-,-,-,-,-,-,-,66.54|2025年报,66.10|2024年报,60.61|2023年报,0.88|2025年报,-3.54|2024年报,-1.55|2023年报,9.37,86.93亿|2025年报,79.48亿|2024年报,90.55亿|2023年报,95.21亿|2022年报,124.05,2.63亿|2025年报,-10.94亿|2024年报,-4.92亿|2023年报,-22.04亿|2022年报,1.54亿|2025年报,3.26亿|2024年报,9.24亿|2023年报,22.40|2026一季报,21.94|2026一季报,软件开发,计算机-软件开发-横向通用软件,计算机-软件开发-横向通用软件,【2025年报扭亏】【AI应用】【AI智能体】【ChatGPT概念】【EDR概念】【HS300_】【MSCI中国】【上证180_】【云计算】【人工智能】【信创】【区块链】【参股银行】【国产软件】【多模态AI】【大数据】【大盘股】【安防概念】【富时罗素】【数据安全】【新能源车】【智能穿戴】【标准普尔】【沪股通】【消费电子概念】【物联网】【破增发价股】【网络安全】【网络游戏】【虚拟数字人】【融资融券】【车联网(车路云)】,"互联网安全技术的研发、互联网安全产品的设计、研发、推广,以及基于互联网安全产品的互联网广告及服务、互联网增值服务、智能硬件业务等商业化服务。",10.98,2.62,-4.21,-1.24,-,11.98,285.00亿,1487.06亿,1708.82亿,-,1081.98亿,36.59,170.63,197.22,-,140.38,138.05亿,-,98.26亿,39.55亿,103.03亿,-0.09,11.27,10.94,1.41,0.84,9858.61万,10.95亿,175.84,768.55亿,false,
22,000768,中航西飞,SZ,23.67,-2.31,0,深交所主板,否,A股,24.89,26.23,23.15,23.67,658.17亿,23.67,59.36,2.92,13.78,14.34,16.07,16.89,15.05,41.81,43.49,47.32,48.41,45.39,0.51,0.50,0.48,0.47,0.48,-,-,-,-,-,-,-,-,-,-,-,-,-,-,-,-,-,-,-,-,-,-,-,-,-,-,-,-,-,-,-,-,6.78|2025年报,5.85|2024年报,5.83|2023年报,6.32|2025年报,5.91|2024年报,5.22|2023年报,-5.10,410.14亿|2025年报,432.16亿|2024年报,403.01亿|2023年报,376.60亿|2022年报,12.49,11.51亿|2025年报,10.23亿|2024年报,8.61亿|2023年报,5.24亿|2022年报,-83.54亿|2025年报,-5764.53万|2024年报,-55.15亿|2023年报,70.84|2026一季报,1.33|2026一季报,航空装备Ⅱ,国防军工-航空装备Ⅱ-航空装备Ⅲ,国防军工-航空装备Ⅱ-航空装备Ⅲ,【HS300_】【MSCI中国】【低空经济】【军工】【军民融合】【参股券商】【商业航天】【大盘股】【大飞机】【央国企改革】【富时罗素】【机构重仓】【标准普尔】【深成500】【深股通】【深证100R】【破增发价股】【航天航空】【航母概念】【融资融券】【西部大开发】【证金持股】【通用航空】,"军用大中型飞机整机、军民用航空零部件产品的研发、制造、销售、维修与服务,属于高端航空装备制造业。",23.67,-4.01,-2.84,-5.55,-,-1.72,237.67亿,888.76亿,315.33亿,-,650.07亿,35.07,110.07,45.17,-,85.32,12.52亿,-,23.66亿,17.92亿,12.04亿,-0.56,24.20,23.60,1.50,0.57,4157.95万,9.90亿,66.83,657.18亿,false,
23,002714,牧原股份,SZ,42.50,-0.30,0,深交所主板,否,A股,41.69,45.10,39.39,42.50,2453.52亿,42.50,25.08,2.84,61.22,61.47,61.06,61.95,63.55,1.31,1.54,1.14,2.04,3.69,3.34,3.33,3.35,3.31,3.21,-,-,-,-,-,-,-,-,-,-,-,-,-,-,-,-,-,-,-,-,-,-,-,-,-,-,-,-,-,-,-,-,17.82|2025年报,20.75|2024年报,3.11|2023年报,20.57|2025年报,25.10|2024年报,-6.38|2023年报,4.49,1441.45亿|2025年报,1379.47亿|2024年报,1108.61亿|2023年报,1248.26亿|2022年报,-13.39,154.87亿|2025年报,178.81亿|2024年报,-42.63亿|2023年报,132.66亿|2022年报,300.56亿|2025年报,375.43亿|2024年报,98.93亿|2023年报,50.73|2026一季报,77.20|2026一季报,养殖业,农林牧渔-养殖业-生猪养殖,农林牧渔-养殖业-生猪养殖,【AH股】【HS300_】【MSCI中国】【乡村振兴】【参股银行】【反内卷概念】【合成生物】【大盘股】【富时罗素】【机构重仓】【权重股】【标准普尔】【深成500】【深股通】【深证100R】【猪肉概念】【融资融券】【行业龙头】【转债标的】,生猪的养殖销售、生猪屠宰,42.50,1.89,-17.54,-2.88,-,26.75,573.82亿,1259.07亿,985.44亿,-,1486.60亿,34.29,70.51,51.70,-,77.19,19.69亿,-,29.41亿,21.82亿,21.61亿,-0.13,43.13,41.70,1.19,0.91,4513.88万,19.19亿,-50.49,1615.08亿,false,
24,300015,爱尔眼科,SZ,10.58,-1.86,0,深交所创业板,否,A股,13.16,18.13,16.73,10.58,986.63亿,10.58,29.27,4.28,2.27,2.69,2.94,2.22,2.42,0.70,1.00,1.25,0.65,0.85,2.26,2.22,2.20,2.27,2.23,-,-,-,-,-,-,-,-,-,-,-,-,-,-,-,-,-,-,-,-,-,-,-,-,-,-,-,-,-,-,-,-,47.11|2025年报,48.12|2024年报,50.79|2023年报,14.97|2025年报,17.89|2024年报,18.88|2023年报,6.53,223.53亿|2025年报,209.83亿|2024年报,203.67亿|2023年报,161.10亿|2022年报,-8.88,32.40亿|2025年报,35.56亿|2024年报,33.59亿|2023年报,25.24亿|2022年报,59.73亿|2025年报,48.82亿|2024年报,58.72亿|2023年报,32.72|2026一季报,60.49|2026一季报,医疗服务,医药生物-医疗服务-医院,医药生物-医疗服务-医院,【HS300_】【MSCI中国】【互联医疗】【养老概念】【创业成份】【创业板综】【创新医疗服务】【医疗器械概念】【医美概念】【大盘股】【宁组合】【富时罗素】【深成500】【深股通】【深证100R】【破增发价股】【茅指数】【融资融券】,主要从事各类眼科疾病诊疗、手术服务与医学验光配镜,10.58,11.25,-12.75,-11.09,-,-1.13,274.57亿,463.97亿,382.21亿,-,811.52亿,33.23,53.62,40.31,-,79.21,32.06亿,-,62.82亿,31.36亿,42.22亿,-0.20,10.80,10.49,1.02,0.88,8079.59万,8.59亿,20.89,841.68亿,false,
25,600011,华能国际,SH,7.53,0.00,1,上交所主板,否,A股,7.54,7.33,6.45,7.53,1182.07亿,7.53,8.49,1.69,18.72,18.70,19.70,19.32,18.44,41.43,41.42,43.22,42.54,40.96,3.59,3.59,3.51,3.53,3.61,-,-,-,-,-,-,-,-,-,-,-,-,-,-,-,-,-,-,-,-,-,-,-,-,-,-,-,-,-,-,-,-,18.45|2025年报,15.14|2024年报,12.12|2023年报,19.04|2025年报,13.14|2024年报,11.25|2023年报,-6.62,2292.88亿|2025年报,2455.51亿|2024年报,2543.97亿|2023年报,2467.25亿|2022年报,42.17,144.10亿|2025年报,101.35亿|2024年报,84.46亿|2023年报,-73.87亿|2022年报,672.13亿|2025年报,505.30亿|2024年报,454.97亿|2023年报,66.32|2026一季报,79.11|2026一季报,电力,公用事业-电力-火力发电,公用事业-电力-火力发电,【AH股】【HS300_】【MSCI中国】【一带一路】【上证180_】【中特估】【光伏概念】【大盘价值】【大盘股】【央国企改革】【富时罗素】【机构重仓】【标准普尔】【核能核电】【沪股通】【绿色电力】【融资融券】【证金持股】【超超临界发电】【雄安新区】【风能】,"利用现代化的技术和设备,利用国内外资金,在国内外开发、建设和运营大型燃煤、燃气发电厂、新能源发电项目及配套港口、航运、增量配电网等设施,为社会提供电力、热力及综合能源服务。",7.53,7.26,-5.90,5.67,-,2.77,256.23亿,430.13亿,304.27亿,-,389.52亿,32.49,52.98,35.38,-,48.16,38.91亿,-,52.97亿,33.62亿,25.16亿,0.00,7.61,7.35,1.48,0.77,1.63亿,12.18亿,6.59,828.13亿,false,
26,600048,保利发展,SH,6.21,-1.74,1,上交所主板,否,A股,8.64,10.70,10.79,6.21,743.36亿,6.21,-407.84,0.38,0.15,0.12,0.04,0.02,0.00,0.62,0.87,1.27,1.52,1.54,2.71,2.67,2.59,2.55,2.54,-,-,-,-,-,-,-,-,-,-,-,-,-,-,-,-,-,-,-,-,-,-,-,-,-,-,-,-,-,-,-,-,12.75|2025年报,13.93|2024年报,16.01|2023年报,0.54|2025年报,2.53|2024年报,6.13|2023年报,-1.13,3081.44亿|2025年报,3116.66亿|2024年报,3468.28亿|2023年报,2810.17亿|2022年报,-79.31,10.35亿|2025年报,50.01亿|2024年报,120.67亿|2023年报,183.20亿|2022年报,151.89亿|2025年报,62.57亿|2024年报,139.30亿|2023年报,71.90|2026一季报,40.52|2026一季报,房地产开发,房地产-房地产开发-住宅开发,房地产-房地产开发-住宅开发,【2025年报预减】【HS300_】【MSCI中国】【REITs概念】【上证180_】【养老概念】【参股券商】【周期股】【大盘价值】【大盘股】【央国企改革】【富时罗素】【机构重仓】【标准普尔】【沪股通】【破净股】【租售同权】【融资融券】【行业龙头】【证金持股】【转债标的】【长期破净】,房地产开发,6.21,6.70,-4.59,-22.39,-,-0.88,230.96亿,690.83亿,558.69亿,-,925.17亿,31.65,87.27,66.34,-,96.55,79.41亿,-,115.57亿,55.69亿,66.57亿,-0.11,6.34,6.16,0.82,0.50,9841.37万,6.15亿,20.30,743.36亿,false,
27,600309,万华化学,SH,81.81,-0.22,1,上交所主板,否,A股,76.18,81.89,67.31,81.81,2561.04亿,81.81,19.46,2.30,47.20,47.31,48.50,48.44,48.78,3.97,4.04,4.38,4.36,4.36,0.89,0.89,0.88,0.88,0.88,-,-,-,-,-,-,-,-,-,-,-,-,-,-,-,-,-,-,-,-,-,-,-,-,-,-,-,-,-,-,-,-,13.61|2025年报,16.16|2024年报,16.79|2023年报,12.44|2025年报,14.29|2024年报,20.42|2023年报,11.62,2032.35亿|2025年报,1820.69亿|2024年报,1753.61亿|2023年报,1655.65亿|2022年报,-3.88,125.27亿|2025年报,130.33亿|2024年报,168.16亿|2023年报,162.34亿|2022年报,331.05亿|2025年报,300.53亿|2024年报,267.97亿|2023年报,64.32|2026一季报,65.01|2026一季报,化学制品,基础化工-化学制品-聚氨酯,基础化工-化学制品-聚氨酯,【HS300_】【MSCI中国】【上证180_】【上证50_】【创投】【化工原料】【周期股】【大盘价值】【大盘股】【央国企改革】【富时罗素】【新材料】【机构重仓】【标准普尔】【沪股通】【煤化工概念】【环氧丙烷】【电池技术】【茅指数】【融资融券】【行业龙头】【证金持股】【锂电池概念】,化工和精细化学品及新材料产品的生产和销售,81.81,2.97,3.61,15.17,-,22.71,847.04亿,2084.59亿,1242.21亿,-,1597.45亿,31.17,78.78,58.74,-,81.06,18.39亿,-,25.38亿,14.19亿,11.85亿,-0.18,83.85,81.43,0.90,0.92,2830.48万,23.34亿,17.22,2561.04亿,false,
28,600845,XD宝信软,SH,23.14,-1.49,1,上交所主板,否,A股,29.21,28.88,22.59,23.14,664.30亿,23.14,53.50,6.17,69.85,71.30,72.22,71.22,72.30,42.43,44.33,45.65,44.24,45.74,3.60,2.54,2.49,2.54,2.49,-,-,-,-,-,-,-,-,-,-,-,-,-,-,-,-,-,-,-,-,-,-,-,-,-,-,-,-,-,-,-,-,31.69|2025年报,34.77|2024年报,36.92|2023年报,11.88|2025年报,20.67|2024年报,24.65|2023年报,-19.59,109.72亿|2025年报,136.44亿|2024年报,129.16亿|2023年报,131.50亿|2022年报,-42.40,13.05亿|2025年报,22.65亿|2024年报,25.54亿|2023年报,21.86亿|2022年报,21.47亿|2025年报,16.71亿|2024年报,26.08亿|2023年报,46.17|2026一季报,16.51|2026一季报,IT服务Ⅱ,计算机-IT服务Ⅱ-IT服务Ⅲ,计算机-IT服务Ⅱ-IT服务Ⅲ,【AB股】【AI应用】【DeepSeek概念】【ERP概念】【HS300_】【MSCI中国】【PLC概念】【上证180_】【东数西算】【中特估】【云计算】【互联网服务】【人形机器人】【华为概念】【国产软件】【大数据】【大盘股】【央国企改革】【富时罗素】【工业互联】【数据中心】【新型工业化】【机器人概念】【标准普尔】【沪股通】【股权激励】【腾讯云】【融资融券】【超清视频】【车联网(车路云)】【边缘计算】【长江三角】,"计算机、自动化、网络通讯系统及软硬件产品的研究、设计、开发、制造、集成,及相应的外包、维修、咨询等服务",23.14,1.62,11.18,-10.92,-,-1.71,151.22亿,395.86亿,162.03亿,-,395.55亿,30.49,79.07,34.24,-,75.53,7.31亿,-,16.12亿,8.53亿,16.34亿,-0.35,23.93,23.00,1.24,0.89,2636.27万,6.17亿,43.56,493.82亿,false,
29,601377,兴业证券,SH,5.89,-2.16,1,上交所主板,否,A股,5.97,6.21,5.95,5.89,508.66亿,5.89,16.20,0.90,18.48,19.73,20.24,20.38,20.30,4.54,6.39,8.24,8.91,8.59,2.55,2.49,2.45,2.44,2.45,-,-,-,-,-,-,-,-,-,-,-,-,-,-,-,-,-,-,-,-,-,-,-,-,-,-,-,-,-,-,-,-,-,-,-,4.93|2025年报,3.81|2024年报,3.70|2023年报,21.03,118.41亿|2025年报,97.84亿|2024年报,106.27亿|2023年报,106.60亿|2022年报,32.64,28.70亿|2025年报,21.64亿|2024年报,19.64亿|2023年报,26.37亿|2022年报,193.32亿|2025年报,241.43亿|2024年报,-103.60亿|2023年报,81.51|2026一季报,-,证券Ⅱ,非银金融-证券Ⅱ-证券Ⅲ,非银金融-证券Ⅱ-证券Ⅲ,【HS300_】【IPO受益】【MSCI中国】【上证180_】【中盘股】【互联网金融】【券商概念】【参股新三板】【周期股】【央国企改革】【富时罗素】【标准普尔】【沪股通】【破净股】【碳交易】【科创板做市商】【融资融券】,"财富管理业务,机构服务业务,自营投资业务,海外业务",5.89,0.34,-20.89,14.33,-,7.45,152.03亿,466.52亿,688.71亿,-,483.09亿,29.36,78.42,111.87,-,84.66,96.61亿,-,73.11亿,43.99亿,26.93亿,-0.13,6.03,5.88,1.15,1.10,9962.16万,5.93亿,16.19,508.66亿,false,-
30,600196,复星医药,SH,24.13,-1.51,1,上交所主板,否,A股,25.74,32.95,32.84,24.13,644.37亿,24.13,18.53,1.31,19.69,20.59,22.27,23.43,23.65,0.94,1.49,2.53,2.94,3.02,1.31,1.29,1.27,1.25,1.25,-,-,-,-,-,-,-,-,-,-,-,-,-,-,-,-,-,-,-,-,-,-,-,-,-,-,-,-,-,-,-,-,50.07|2025年报,47.97|2024年报,47.84|2023年报,7.03|2025年报,5.90|2024年报,5.29|2023年报,1.45,416.62亿|2025年报,410.67亿|2024年报,414.00亿|2023年报,439.52亿|2022年报,21.69,33.71亿|2025年报,27.70亿|2024年报,23.86亿|2023年报,37.31亿|2022年报,52.13亿|2025年报,44.77亿|2024年报,34.14亿|2023年报,48.22|2026一季报,66.67|2026一季报,化学制药,医药生物-化学制药-化学制剂,医药生物-化学制药-化学制剂,【AH股】【CAR-T细胞疗法】【DeepSeek概念】【HS300_】【IPO受益】【MSCI中国】【上证180_】【互联医疗】【免疫治疗】【创新医疗服务】【创新药】【医疗器械概念】【医美概念】【单抗概念】【大盘价值】【大盘股】【央视50_】【富时罗素】【新消费】【机器人概念】【机构重仓】【标准普尔】【沪股通】【流感】【特色药】【独角兽】【生物疫苗】【病原体防治】【病毒防治】【破增发价股】【肝素概念】【融资融券】【证金持股】【辅助生殖】【长江三角】【阿兹海默】【青蒿素】,制药、医疗器械与医学诊断、医疗健康服务,24.13,-9.39,0.53,-11.23,-,20.47,156.26亿,277.04亿,304.55亿,-,806.28亿,28.61,48.91,50.85,-,131.94,10.77亿,-,27.95亿,10.31亿,7.58亿,-0.37,24.62,24.03,0.89,0.72,1891.85万,4.60亿,18.50,511.19亿,false,
31,600029,南方航空,SH,5.37,-2.19,1,上交所主板,否,A股,6.08,6.35,6.59,5.37,973.10亿,5.37,31.54,2.63,86.93,87.41,88.17,88.09,88.38,67.70,68.61,70.20,69.86,70.58,0.00,-,-,-,-,-,-,-,-,-,-,-,-,-,-,-,-,-,-,-,-,-,-,-,-,-,-,-,-,0.74,0.71,0.70,0.72,-,-,-,-,10.14|2025年报,8.41|2024年报,7.72|2023年报,2.44|2025年报,-4.72|2024年报,-10.81|2023年报,4.61,1822.56亿|2025年报,1742.24亿|2024年报,1599.29亿|2023年报,870.59亿|2022年报,150.53,8.57亿|2025年报,-16.96亿|2024年报,-42.09亿|2023年报,-326.82亿|2022年报,382.09亿|2025年报,314.45亿|2024年报,401.34亿|2023年报,83.97|2026一季报,73.67|2026一季报,航空机场,交通运输-航空机场-航空运输,交通运输-航空机场-航空运输,【2025年报扭亏】【AH股】【HS300_】【MSCI中国】【免税概念】【华为概念】【参股银行】【周期股】【大盘成长】【大盘股】【央国企改革】【富时罗素】【机构重仓】【标准普尔】【沪股通】【融资融券】【证金持股】【转债标的】【通用航空】【零售概念】,提供中国大陆、港澳台地区及国际航空客运、货运及邮运服务,5.37,-4.96,-29.46,32.40,-,2.54,211.20亿,407.12亿,264.47亿,-,225.39亿,27.57,43.56,28.34,-,30.19,38.20亿,-,38.26亿,30.19亿,38.76亿,-0.12,5.49,5.35,1.06,1.09,1.43亿,7.71亿,16.43,723.71亿,false,
32,600941,中国移动,SH,97.97,-0.57,1,上交所主板,否,A股,98.80,-,-,97.97,2.12万亿,97.97,15.63,1.49,43.78,44.96,43.58,42.19,42.71,33.05,34.32,33.02,32.00,32.70,4.88,4.85,4.88,4.91,4.89,-,-,-,-,-,-,-,-,-,-,-,-,-,-,-,-,-,-,-,-,-,-,-,-,-,-,-,-,-,-,-,-,28.87|2025年报,29.02|2024年报,28.23|2023年报,9.90|2025年报,10.40|2024年报,10.20|2023年报,0.91,1.05万亿|2025年报,1.04万亿|2024年报,1.01万亿|2023年报,9372.59亿|2022年报,-0.92,1370.95亿|2025年报,1383.73亿|2024年报,1317.66亿|2023年报,1254.59亿|2022年报,2329.19亿|2025年报,3157.41亿|2024年报,3037.80亿|2023年报,33.73|2026一季报,14.09|2026一季报,通信服务,通信-通信服务-电信运营商,通信-通信服务-电信运营商,【5G概念】【6G概念】【AH股】【HS300_】【MSCI中国】【上证180_】【中字头】【中特估】【云计算】【互联医疗】【价值股】【元宇宙概念】【大盘价值】【大盘股】【央国企改革】【数据中心】【权重股】【沪股通】【物联网】【电子竞技】【移动支付】【算力概念】【网络安全】【虚拟数字人】【融资融券】【行业龙头】【超级品牌】【通信技术】【零售概念】,"涵盖包括移动通信、宽带网络、蜂窝物联和卫星互联的通信服务,数据中心、移动云和移动云应用的算力服务,以及数据算法、具身智能、数智文化、数智电商和行业数智服务的智能服务",97.97,4.46,-7.18,-3.47,-,-4.88,238.10亿,735.73亿,738.34亿,-,877.67亿,27.57,84.72,77.57,-,89.36,7.00亿,-,8.07亿,5.98亿,8.75亿,-0.56,99.55,97.70,1.72,1.43,1553.87万,15.34亿,18.09,884.44亿,false,
33,002027,分众传媒,SZ,5.92,0.00,0,深交所主板,否,A股,6.42,6.16,5.90,5.92,854.98亿,5.92,23.74,5.54,52.69,52.69,54.30,54.29,55.19,57.59,57.58,59.18,59.18,60.40,6.42,6.42,6.30,6.30,6.22,-,-,-,-,-,-,-,-,-,-,-,-,-,-,-,-,-,-,-,-,-,-,-,-,-,-,-,-,-,-,-,-,70.48|2025年报,66.26|2024年报,65.48|2023年报,18.28|2025年报,29.91|2024年报,28.42|2023年报,4.05,127.59亿|2025年报,122.62亿|2024年报,119.04亿|2023年报,94.25亿|2022年报,-42.85,29.46亿|2025年报,51.55亿|2024年报,48.27亿|2023年报,27.90亿|2022年报,72.09亿|2025年报,66.42亿|2024年报,76.78亿|2023年报,25.30|2026一季报,52.76|2026一季报,广告营销,传媒-广告营销-广告媒体,传媒-广告营销-广告媒体,【HS300_】【MSCI中国】【价值股】【大数据】【大盘价值】【大盘股】【富时罗素】【文娱消费】【标准普尔】【深成500】【深股通】【深证100R】【电子竞技】【融资融券】【行业龙头】【阿里概念】,"生活圈媒体的开发和运营,主要产品为楼宇媒体(包含电梯电视媒体和电梯海报媒体)、影院银幕广告媒体和终端卖场媒体等,覆盖城市主流消费人群的工作场景、生活场景、娱乐场景和消费场景,并相互整合成为生活圈媒体网络。",5.92,-9.62,-11.13,-6.83,-,14.31,241.22亿,627.51亿,494.40亿,-,646.33亿,26.73,60.02,45.97,-,56.20,66.39亿,-,81.17亿,67.46亿,72.90亿,0.00,5.98,5.89,0.72,0.60,1.03亿,6.13亿,11.94,854.98亿,false,
34,600690,海尔智家,SH,21.40,0.56,1,上交所主板,否,A股,24.04,23.51,20.41,21.40,2006.81亿,21.40,10.72,1.60,7.31,6.97,6.47,6.74,7.51,14.68,14.48,14.16,14.37,14.80,5.77,5.80,5.86,5.82,5.75,-,-,-,-,-,-,-,-,-,-,-,-,-,-,-,-,-,-,-,-,-,-,-,-,-,-,-,-,-,-,-,-,26.66|2025年报,27.82|2024年报,27.49|2023年报,16.98|2025年报,17.61|2024年报,17.24|2023年报,5.71,3023.47亿|2025年报,2860.15亿|2024年报,2742.05亿|2023年报,2435.79亿|2022年报,4.39,195.53亿|2025年报,187.31亿|2024年报,165.97亿|2023年报,147.12亿|2022年报,260.03亿|2025年报,263.18亿|2024年报,265.36亿|2023年报,55.15|2026一季报,28.51|2026一季报,白色家电,家用电器-白色家电-冰洗,家用电器-白色家电-冰洗,【AH股】【HS300_】【MSCI中国】【上证180_】【上证50_】【价值股】【净水概念】【大盘价值】【大盘股】【央视50_】【富时罗素】【工业互联】【智能家居】【机构重仓】【标准普尔】【沪股通】【物联网】【电商概念】【空气能热泵】【节能环保】【茅指数】【融资融券】【证金持股】【超级品牌】【阿里概念】,"家电的研发、生产及销售工作,涉及冰箱/冷柜、厨电、空调、洗衣设备、水家电及其他智能家庭业务,以及提供智能家庭全套化解决方案",21.40,0.09,-18.05,4.11,-,6.37,348.07亿,649.14亿,579.95亿,-,801.52亿,26.32,41.55,34.94,-,49.48,21.85亿,-,30.95亿,22.38亿,27.42亿,0.12,21.81,21.12,1.27,1.35,7962.16万,17.18亿,10.79,1338.15亿,false,
35,600221,海航控股,SH,1.51,-1.31,1,上交所主板,否,A股,1.46,1.62,1.77,1.51,652.56亿,1.51,19.01,9.38,58.68,59.10,59.78,59.58,60.12,86.77,86.80,86.83,86.83,86.84,0.00,-,-,-,-,-,-,-,-,-,-,-,-,-,-,-,-,-,-,-,-,-,-,-,-,-,-,-,-,-,-,-,-,0.90,0.90,0.89,0.89,7.68|2025年报,7.43|2024年报,10.48|2023年报,51.67|2025年报,-36.76|2024年报,14.75|2023年报,4.96,684.71亿|2025年报,652.36亿|2024年报,586.41亿|2023年报,228.64亿|2022年报,314.89,19.80亿|2025年报,-9.21亿|2024年报,3.11亿|2023年报,-202.47亿|2022年报,160.51亿|2025年报,141.33亿|2024年报,80.83亿|2023年报,95.30|2026一季报,73.99|2026一季报,航空机场,交通运输-航空机场-航空运输,交通运输-航空机场-航空运输,【2025年报扭亏】【AB股】【MSCI中国】【低价股】【大盘成长】【大盘股】【富时罗素】【机构重仓】【沪股通】【海南自贸】【破发股】【融资融券】,国际、国内(含港澳)航空客货邮运输业务;与航空运输相关的服务业务;航空旅游;机上供应品;航空器材;航空地面设备及零配件的生产;候机楼服务和经营;保险兼业代理服务(限人身意外险)。,1.51,4.14,-19.89,11.73,-,20.90,167.65亿,417.40亿,755.36亿,-,498.90亿,25.96,59.26,99.27,-,97.24,425.34亿,-,319.67亿,142.49亿,224.45亿,-0.02,1.53,1.50,0.84,0.53,3.59亿,5.43亿,9.46,646.97亿,false,
36,600887,伊利股份,SH,27.61,-0.61,1,上交所主板,否,A股,26.23,28.12,26.93,27.61,1746.43亿,27.61,14.45,2.93,6.94,7.16,7.23,7.39,7.42,14.49,14.73,14.81,15.00,15.05,6.16,6.12,6.09,6.07,6.06,-,-,-,-,-,-,-,-,-,-,-,-,-,-,-,-,-,-,-,-,-,-,-,-,-,-,-,-,-,-,-,-,34.58|2025年报,33.88|2024年报,32.58|2023年报,20.87|2025年报,15.81|2024年报,20.20|2023年报,0.21,1156.36亿|2025年报,1153.93亿|2024年报,1257.58亿|2023年报,1226.98亿|2022年报,36.82,115.65亿|2025年报,84.53亿|2024年报,104.29亿|2023年报,94.31亿|2022年报,143.44亿|2025年报,217.40亿|2024年报,182.90亿|2023年报,59.50|2026一季报,66.63|2026一季报,饮料乳品,食品饮料-饮料乳品-乳品,食品饮料-饮料乳品-乳品,【HS300_】【MSCI中国】【上证180_】【上证50_】【乳业】【味蕾经济】【大盘价值】【大盘股】【央视50_】【婴童概念】【富时罗素】【新零售】【机构重仓】【标准普尔】【沪股通】【破增发价股】【茅指数】【融资融券】【行业龙头】【西部大开发】【证金持股】【超级品牌】,各类乳品及健康饮品的生产与销售,27.61,4.78,-7.87,6.72,-,-2.19,431.82亿,816.72亿,731.81亿,-,1033.89亿,25.71,48.51,41.00,-,58.96,25.81亿,-,37.11亿,23.61亿,26.64亿,-0.17,27.99,27.49,0.77,0.73,4833.72万,13.41亿,8.09,1737.75亿,false,
37,601211,国泰海通,SH,15.44,-1.72,1,上交所主板,否,A股,15.81,14.99,14.57,15.44,2721.91亿,15.44,12.40,0.83,37.42,39.52,42.18,42.84,43.50,2.27,3.48,4.88,5.23,5.76,2.79,2.74,2.68,2.67,2.66,-,-,-,-,-,-,-,-,-,-,-,-,-,-,-,-,-,-,-,-,-,-,-,-,-,-,-,-,-,-,-,-,-,-,-,9.78|2025年报,8.14|2024年报,6.02|2023年报,87.40,631.07亿|2025年报,336.75亿|2024年报,361.41亿|2023年报,354.71亿|2022年报,113.52,278.09亿|2025年报,130.24亿|2024年报,93.74亿|2023年报,115.09亿|2022年报,811.38亿|2025年报,561.05亿|2024年报,72.04亿|2023年报,84.45|2026一季报,-,证券Ⅱ,非银金融-证券Ⅱ-证券Ⅲ,非银金融-证券Ⅱ-证券Ⅲ,【2025年报预增】【AH股】【HS300_】【MSCI中国】【上证180_】【上证50_】【互联网金融】【券商概念】【周期股】【大盘股】【富时罗素】【并购重组概念】【机构重仓】【权重股】【标准普尔】【沪股通】【破净股】【科创板做市商】【股权激励】【融资融券】【证金持股】【长江三角】,"财富管理业务,投行业务,机构与交易业务,投资管理业务,融资租赁业务",15.44,-6.93,-19.27,9.78,-,-0.05,563.69亿,1099.76亿,1172.67亿,-,1577.15亿,25.35,41.67,44.37,-,58.43,59.87亿,-,78.84亿,44.08亿,30.53亿,-0.27,15.76,15.39,1.01,0.91,1.36亿,21.21亿,10.65,2083.92亿,false,-
38,300498,温氏股份,SZ,15.08,0.00,0,深交所创业板,否,A股,17.41,17.62,18.88,15.08,1003.41亿,15.08,45.96,2.54,89.06,89.05,89.05,89.55,90.10,7.15,7.11,7.08,9.12,14.64,3.31,3.31,3.31,3.24,3.10,-,-,-,-,-,-,-,-,-,-,-,-,-,-,-,-,-,-,-,-,-,-,-,-,-,-,-,-,-,-,-,-,11.18|2025年报,17.43|2024年报,0.84|2023年报,12.57|2025年报,24.66|2024年报,-17.39|2023年报,-1.67,1038.24亿|2025年报,1055.84亿|2024年报,899.02亿|2023年报,837.08亿|2022年报,-43.25,52.66亿|2025年报,92.80亿|2024年报,-63.90亿|2023年报,52.89亿|2022年报,118.07亿|2025年报,196.07亿|2024年报,75.94亿|2023年报,53.14|2026一季报,46.58|2026一季报,养殖业,农林牧渔-养殖业-生猪养殖,农林牧渔-养殖业-生猪养殖,【HS300_】【MSCI中国】【乡村振兴】【乳业】【创业成份】【创业板综】【华为概念】【反内卷概念】【大盘股】【富时罗素】【新零售】【深成500】【深股通】【深证100R】【猪肉概念】【融资融券】【转债标的】【鸡肉概念】,"肉鸡和肉猪的养殖及其销售;兼营肉鸭、蛋鸡、鸽子等的养殖及其产品的销售。同时,公司围绕畜禽养殖产业链上下游,配套经营畜禽屠宰、食品加工、现代农牧设备制造、兽药生产以及金融投资等业务",15.08,-9.27,-1.54,-7.81,-,9.12,241.36亿,490.74亿,392.90亿,-,673.97亿,24.95,50.35,36.98,-,62.29,22.01亿,-,37.14亿,26.78亿,23.95亿,0.00,15.27,14.76,0.87,0.82,5158.24万,7.76亿,-23.44,897.15亿,false,
39,605499,东鹏饮料,SH,186.09,-3.83,1,上交所主板,否,A股,203.42,174.86,-,186.09,1075.96亿,186.09,22.93,5.65,0.00,0.08,0.00,0.00,0.00,0.00,0.67,0.42,0.58,0.50,1.21,1.16,1.17,1.15,1.14,-,-,-,-,-,-,-,-,-,-,-,-,-,-,-,-,-,-,-,-,-,-,-,-,-,-,-,-,-,-,-,-,44.91|2025年报,44.81|2024年报,43.07|2023年报,51.61|2025年报,46.93|2024年报,35.82|2023年报,31.80,208.75亿|2025年报,158.39亿|2024年报,112.63亿|2023年报,85.05亿|2022年报,32.72,44.15亿|2025年报,33.27亿|2024年报,20.40亿|2023年报,14.41亿|2022年报,61.74亿|2025年报,57.89亿|2024年报,32.81亿|2023年报,44.48|2026一季报,44.04|2026一季报,饮料乳品,食品饮料-饮料乳品-软饮料,食品饮料-饮料乳品-软饮料,【AH股】【HS300_】【MSCI中国】【上证180_】【大盘成长】【大盘股】【新零售】【机构重仓】【沪股通】【百元股】【融资融券】,饮料的研发、生产和销售,186.09,-9.34,-23.23,-11.98,-,-2.49,258.19亿,357.45亿,290.26亿,-,419.97亿,24.93,27.65,20.18,-,27.28,1.05亿,-,1.42亿,1.35亿,1.61亿,-7.41,192.60,185.00,1.26,1.57,653.07万,12.23亿,21.39,967.69亿,false,
40,000625,长安汽车,SZ,8.87,-0.34,0,深交所主板,否,A股,12.74,12.34,9.34,8.87,879.28亿,8.87,28.61,1.14,64.45,64.58,65.41,65.66,66.33,10.30,10.42,11.23,11.55,12.14,3.89,3.88,3.80,3.76,3.71,-,-,-,-,-,-,-,-,-,-,-,-,-,-,-,-,-,-,-,-,-,-,-,-,-,-,-,-,-,-,-,-,15.54|2025年报,14.94|2024年报,17.26|2023年报,5.30|2025年报,9.69|2024年报,16.55|2023年报,2.67,1640.00亿|2025年报,1597.33亿|2024年报,1512.98亿|2023年报,1212.53亿|2022年报,-44.34,40.75亿|2025年报,73.21亿|2024年报,113.27亿|2023年报,77.99亿|2022年报,18.36亿|2025年报,48.49亿|2024年报,198.61亿|2023年报,57.15|2026一季报,1.81|2026一季报,乘用车,汽车-乘用车-综合乘用车,汽车-乘用车-综合乘用车,【AB股】【HS300_】【MSCI中国】【人工智能】【人形机器人】【元宇宙概念】【华为概念】【华为汽车】【参股券商】【周期股】【固态电池】【大盘价值】【大盘股】【央国企改革】【富时罗素】【成渝特区】【新能源车】【无人驾驶】【机构重仓】【标准普尔】【氢能源】【汽车整车】【深成500】【深股通】【深证100R】【燃料电池概念】【独角兽】【电池技术】【百度概念】【股权激励】【融资融券】【西部大开发】【证金持股】【车联网(车路云)】【锂电池概念】【飞行汽车(eVTOL)】,涵盖整车(含乘用车、商用车)的研发、制造和销售以及发动机的研发、生产,8.87,-11.30,-15.68,-2.63,-,-1.93,198.05亿,380.56亿,664.92亿,-,819.55亿,24.70,41.20,65.12,-,77.74,53.79亿,-,64.21亿,41.54亿,53.36亿,-0.03,9.01,8.76,1.23,1.15,1.02亿,9.02亿,62.71,733.29亿,false,
41,603260,合盛硅业,SH,42.49,-3.12,1,上交所主板,否,A股,51.76,73.21,57.27,42.49,502.32亿,42.49,-15.83,1.71,6.23,6.13,6.14,6.09,5.95,4.01,6.57,5.46,8.51,11.27,1.05,1.02,1.03,1.00,0.98,-,-,-,-,-,-,-,-,-,-,-,-,-,-,-,-,-,-,-,-,-,-,-,-,-,-,-,-,-,-,-,-,7.29|2025年报,20.54|2024年报,20.15|2023年报,-9.63|2025年报,5.35|2024年报,8.47|2023年报,-23.20,204.99亿|2025年报,266.92亿|2024年报,265.84亿|2023年报,236.57亿|2022年报,-271.84,-29.91亿|2025年报,17.40亿|2024年报,26.23亿|2023年报,51.48亿|2022年报,40.13亿|2025年报,45.17亿|2024年报,-7.90亿|2023年报,63.52|2026一季报,52.25|2026一季报,化学制品,基础化工-化学制品-有机硅,基础化工-化学制品-有机硅,【HS300_】【MSCI中国】【上证180_】【光伏概念】【半导体概念】【反内卷概念】【周期股】【大盘股】【富时罗素】【新材料】【新能源】【有机硅概念】【机构重仓】【标准普尔】【沪股通】【碳化硅】【融资融券】,"公司主要从事工业硅、有机硅及多晶硅等硅基新材料产品的研发、生产及销售,是我国硅基新材料行业中业务链最完整、生产规模最大的企业之一",42.49,5.02,-23.23,6.57,-,5.32,126.37亿,311.47亿,490.27亿,-,330.11亿,24.38,51.84,73.72,-,53.80,8.71亿,-,6.36亿,1.44亿,1.26亿,-1.37,44.20,42.10,0.88,1.00,1046.19万,4.46亿,162.37,502.32亿,false,
42,600372,中航机载,SH,12.41,-4.17,1,上交所主板,否,A股,12.67,14.61,14.49,12.41,600.51亿,12.41,52.38,1.58,56.28,59.47,62.39,62.31,63.05,14.99,17.53,19.11,18.90,19.52,0.74,0.71,0.68,0.68,0.67,-,-,-,-,-,-,-,-,-,-,-,-,-,-,-,-,-,-,-,-,-,-,-,-,-,-,-,-,-,-,-,-,28.70|2025年报,28.18|2024年报,29.49|2023年报,2.82|2025年报,2.83|2024年报,16.15|2023年报,1.39,242.12亿|2025年报,238.80亿|2024年报,290.07亿|2023年报,277.22亿|2022年报,2.56,10.67亿|2025年报,10.41亿|2024年报,18.86亿|2023年报,13.51亿|2022年报,2.83亿|2025年报,-19.89亿|2024年报,-10.17亿|2023年报,50.54|2026一季报,33.16|2026一季报,航空装备Ⅱ,国防军工-航空装备Ⅱ-航空装备Ⅲ,国防军工-航空装备Ⅱ-航空装备Ⅲ,【HS300_】【MSCI中国】【上证180_】【低空经济】【军工】【军民融合】【商业航天】【大盘股】【大飞机】【央国企改革】【富时罗素】【标准普尔】【沪股通】【破增发价股】【航天航空】【航母概念】【融资融券】,航空机载系统产品,12.41,-4.54,-3.13,6.59,-,4.57,153.60亿,915.72亿,346.44亿,-,319.26亿,24.09,123.17,56.70,-,53.49,27.44亿,-,25.88亿,16.62亿,13.89亿,-0.54,13.02,12.36,1.42,1.18,6852.43万,8.67亿,83.38,600.51亿,false,
43,600585,海螺水泥,SH,20.48,-2.48,1,上交所主板,否,A股,22.38,25.51,28.80,20.48,1085.30亿,20.48,13.97,0.56,55.38,57.36,58.48,58.96,59.16,0.00,0.03,0.20,0.26,0.27,4.62,4.50,4.45,4.42,4.41,-,-,-,-,-,-,-,-,-,-,-,-,-,-,-,-,-,-,-,-,-,-,-,-,-,-,-,-,-,-,-,-,24.16|2025年报,21.70|2024年报,16.59|2023年报,4.27|2025年报,4.14|2024年报,5.64|2023年报,-9.33,825.32亿|2025年报,910.30亿|2024年报,1411.57亿|2023年报,1320.22亿|2022年报,5.42,81.13亿|2025年报,76.96亿|2024年报,104.28亿|2023年报,156.61亿|2022年报,166.44亿|2025年报,184.76亿|2024年报,200.74亿|2023年报,19.00|2026一季报,54.46|2026一季报,水泥,建筑材料-水泥-水泥制造,建筑材料-水泥-水泥制造,【AH股】【HS300_】【MSCI中国】【一带一路】【上证180_】【价值股】【储能概念】【反内卷概念】【周期股】【大盘价值】【大盘股】【央国企改革】【央视50_】【富时罗素】【机构重仓】【标准普尔】【沪股通】【破净股】【红利破净股】【红利股】【融资融券】【行业龙头】【装配建筑】【证金持股】【铁路基建】【长期破净】【雅下水电概念】,水泥、商品熟料、骨料及混凝土的生产、销售,20.48,-11.57,5.95,-5.86,-,9.37,205.84亿,559.48亿,348.10亿,-,737.12亿,23.68,57.65,37.68,-,76.01,15.07亿,-,30.40亿,10.71亿,8.90亿,-0.52,20.99,20.35,1.15,1.12,4614.39万,9.49亿,18.48,819.14亿,false,
44,601808,中海油服,SH,14.10,-0.14,1,上交所主板,否,A股,14.99,14.67,13.24,14.10,672.79亿,14.10,17.66,1.42,36.27,36.43,37.74,38.15,38.78,8.07,8.16,9.09,9.29,10.07,1.64,1.63,1.62,1.61,1.60,-,-,-,-,-,-,-,-,-,-,-,-,-,-,-,-,-,-,-,-,-,-,-,-,-,-,-,-,-,-,-,-,17.39|2025年报,15.69|2024年报,15.88|2023年报,8.54|2025年报,7.36|2024年报,7.45|2023年报,4.10,502.82亿|2025年报,483.02亿|2024年报,441.09亿|2023年报,356.59亿|2022年报,22.47,38.42亿|2025年报,31.37亿|2024年报,30.13亿|2023年报,23.59亿|2022年报,112.90亿|2025年报,110.17亿|2024年报,130.96亿|2023年报,44.30|2026一季报,50.35|2026一季报,油服工程,石油石化-油服工程-油田服务,石油石化-油服工程-油田服务,【AH股】【HS300_】【一带一路】【上证380】【可燃冰】【大盘股】【天然气】【央国企改革】【富时罗素】【机构重仓】【标准普尔】【沪股通】【油气设服】【油气资源】【海工装备】【海洋经济】【融资融券】【行业龙头】【证金持股】【资源开采概念】,"包括物探采集和工程勘察服务、钻井服务、油田技术服务、船舶服务等。公司既可以为客户提供单一业务的作业服务,也可以为客户提供一体化、总承包作业服务",14.10,-10.70,12.46,4.31,-,-2.18,104.94亿,416.65亿,104.50亿,-,99.50亿,23.31,81.09,24.81,-,24.08,7.34亿,-,7.13亿,8.24亿,7.38亿,-0.02,14.25,14.07,0.60,1.00,1766.21万,2.50亿,19.66,417.43亿,false,
45,601111,中国国航,SH,6.74,-3.99,1,上交所主板,否,A股,7.68,8.42,8.44,6.74,1176.02亿,6.74,59.17,2.67,90.93,91.15,91.55,91.25,91.54,57.53,59.52,60.58,59.90,60.56,0.00,-,-,-,-,-,-,-,-,-,-,-,-,-,-,-,-,-,-,-,-,-,-,-,-,0.60,0.61,0.62,0.59,-,-,-,-,-,-,-,-,5.15|2025年报,5.10|2024年报,5.02|2023年报,-4.04|2025年报,-0.60|2024年报,-2.77|2023年报,2.87,1714.85亿|2025年报,1666.99亿|2024年报,1411.00亿|2023年报,528.98亿|2022年报,-646.04,-17.70亿|2025年报,-2.37亿|2024年报,-10.46亿|2023年报,-386.19亿|2022年报,420.45亿|2025年报,345.46亿|2024年报,354.18亿|2023年报,88.17|2026一季报,75.75|2026一季报,航空机场,交通运输-航空机场-航空运输,交通运输-航空机场-航空运输,【AH股】【HS300_】【MSCI中国】【上证180_】【中字头】【周期股】【大盘成长】【大盘股】【央国企改革】【富时罗素】【机构重仓】【标准普尔】【沪股通】【融资融券】【行业龙头】【证金持股】【通用航空】,"以航空运输为核心主业,报告期内营业收入主要由航空客运、航空货运及邮运和其他收入(其他收入主要为飞机维修、地面服务等)构成。",6.74,0.15,-28.18,18.46,-,0.25,187.12亿,482.74亿,360.72亿,-,373.28亿,23.07,51.41,36.78,-,42.52,42.81亿,-,49.49亿,35.35亿,45.99亿,-0.28,6.98,6.71,1.29,1.38,1.50亿,10.19亿,17.15,784.41亿,false,
46,600600,青岛啤酒,SH,61.76,-0.63,1,上交所主板,否,A股,72.95,81.26,68.34,61.76,842.53亿,61.76,18.01,2.60,2.40,2.54,2.53,2.88,2.88,21.31,22.17,22.16,22.98,22.98,3.56,3.54,3.54,3.51,3.50,-,-,-,-,-,-,-,-,-,-,-,-,-,-,-,-,-,-,-,-,-,-,-,-,-,-,-,-,-,-,-,-,41.84|2025年报,40.23|2024年报,38.66|2023年报,15.50|2025年报,15.38|2024年报,16.12|2023年报,1.04,324.73亿|2025年报,321.38亿|2024年报,339.37亿|2023年报,321.72亿|2022年报,5.60,45.88亿|2025年报,43.45亿|2024年报,42.68亿|2023年报,37.11亿|2022年报,45.93亿|2025年报,51.55亿|2024年报,27.78亿|2023年报,37.63|2026一季报,0.52|2026一季报,非白酒,食品饮料-非白酒-啤酒,食品饮料-非白酒-啤酒,【AH股】【HS300_】【MSCI中国】【上证180_】【味蕾经济】【啤酒概念】【大盘价值】【大盘股】【央国企改革】【央视50_】【富时罗素】【新零售】【机构重仓】【标准普尔】【沪股通】【股权激励】【融资融券】【行业龙头】【证金持股】【超级品牌】【酿酒概念】,"是一家中国的啤酒生产商和经销商。该公司通过六个业务部门运营:山东部门、华南部门、华北部门、华东部门、东南部门,及香港与澳门等海外市场部门。山东部门在山东及周边地区从事啤酒生产和销售业务。华南部门在华南地区从事啤酒生产和销售业务。华北部门在华北地区从事啤酒生产和销售业务。华东部门在华东地区从事啤酒生产和销售业务。东南部门在中国东南地区从事啤酒生产和销售业务。香港与澳门等海外市场部门在香港和澳门等海外市场从事啤酒销售业务。",61.76,-0.16,1.08,-7.16,-,-5.10,99.52亿,191.59亿,157.13亿,-,290.07亿,22.41,43.41,34.11,-,59.81,2.42亿,-,4.24亿,3.92亿,3.07亿,-0.39,62.19,61.41,0.88,0.98,624.23万,3.85亿,11.70,437.96亿,false,
47,601766,中国中车,SH,5.97,-0.83,1,上交所主板,否,A股,6.54,5.86,5.96,5.97,1713.32亿,5.97,12.69,0.98,1.58,1.90,2.39,2.07,1.67,3.09,4.04,4.60,4.25,3.28,5.36,5.32,5.27,5.30,5.35,-,-,-,-,-,-,-,-,-,-,-,-,-,-,-,-,-,-,-,-,-,-,-,-,-,-,-,-,-,-,-,-,21.38|2025年报,21.38|2024年报,20.54|2023年报,7.70|2025年报,7.51|2024年报,7.40|2023年报,10.79,2730.63亿|2025年报,2464.74亿|2024年报,2342.62亿|2023年报,2229.39亿|2022年报,6.40,131.81亿|2025年报,123.88亿|2024年报,117.12亿|2023年报,116.53亿|2022年报,241.86亿|2025年报,270.57亿|2024年报,147.22亿|2023年报,60.26|2026一季报,9.45|2026一季报,轨交设备Ⅱ,机械设备-轨交设备Ⅱ-轨交设备Ⅲ,机械设备-轨交设备Ⅱ-轨交设备Ⅲ,【AH股】【HS300_】【IGBT概念】【MSCI中国】【PPP模式】【一带一路】【上证180_】【中字头】【中特估】【交运设备】【储能概念】【半导体概念】【参股保险】【大盘价值】【大盘股】【央国企改革】【富时罗素】【新能源车】【无人驾驶】【机构重仓】【标准普尔】【氢能源】【沪股通】【破净股】【破增发价股】【磁悬浮概念】【融资融券】【行业龙头】【证金持股】【铁路基建】【雄安新区】【风能】,"铁路装备业务,城轨与城市基础设施业务,新产业业务,现代服务业务,国际业务",5.97,-5.84,-7.04,-7.34,-,9.52,327.64亿,655.89亿,459.17亿,-,494.50亿,22.23,41.78,25.32,-,27.08,61.61亿,-,65.88亿,46.70亿,44.00亿,-0.05,6.04,5.96,0.95,0.68,2.31亿,13.88亿,12.68,1452.37亿,false,
48,000963,华东医药,SZ,31.30,-4.57,0,深交所主板,否,A股,36.02,37.03,32.56,31.30,548.92亿,31.30,15.68,2.13,3.00,4.52,5.28,5.66,5.48,0.02,0.24,0.36,0.52,0.46,2.97,2.84,2.80,2.77,2.78,-,-,-,-,-,-,-,-,-,-,-,-,-,-,-,-,-,-,-,-,-,-,-,-,-,-,-,-,-,-,-,-,32.36|2025年报,33.21|2024年报,32.40|2023年报,14.28|2025年报,15.93|2024年报,13.96|2023年报,4.07,436.12亿|2025年报,419.06亿|2024年报,406.24亿|2023年报,377.15亿|2022年报,-2.78,34.14亿|2025年报,35.12亿|2024年报,28.39亿|2023年报,24.99亿|2022年报,42.46亿|2025年报,37.49亿|2024年报,39.29亿|2023年报,34.63|2026一季报,15.63|2026一季报,化学制药,医药生物-化学制药-化学制剂,医药生物-化学制药-化学制剂,【HS300_】【MSCI中国】【中药概念】【人工智能】【内贸流通】【冷链物流】【减肥药】【创新药】【医疗器械概念】【医美概念】【单抗概念】【合成生物】【大盘股】【富时罗素】【新消费】【机构重仓】【标准普尔】【深成500】【深股通】【深证100R】【融资融券】【证金持股】【长江三角】,"业务覆盖医药全产业链,拥有医药工业、医药商业、医美、工业微生物四大业务板块,已发展成为集医药研发、生产、经销为一体的大型综合性医药上市公司",31.30,-11.38,-10.47,-5.05,-,3.85,132.65亿,207.20亿,188.03亿,-,385.44亿,21.93,32.31,26.16,-,51.00,4.59亿,-,8.94亿,9.62亿,5.84亿,-1.50,32.78,31.06,1.18,1.52,2066.39万,6.58亿,13.69,548.69亿,false,
49,300760,迈瑞医疗,SZ,160.37,-0.54,0,深交所创业板,否,A股,239.59,272.81,-,160.37,1944.39亿,160.37,24.81,4.85,8.92,9.69,13.34,13.51,14.94,0.60,0.87,1.09,1.09,1.20,2.89,2.87,2.79,2.78,2.74,-,-,-,-,-,-,-,-,-,-,-,-,-,-,-,-,-,-,-,-,-,-,-,-,-,-,-,-,-,-,-,-,60.32|2025年报,63.11|2024年报,64.18|2023年报,21.58|2025年报,32.58|2024年报,33.64|2023年报,-9.38,332.82亿|2025年报,367.26亿|2024年报,349.32亿|2023年报,303.66亿|2022年报,-30.28,81.36亿|2025年报,116.68亿|2024年报,115.82亿|2023年报,96.07亿|2022年报,101.45亿|2025年报,124.32亿|2024年报,110.62亿|2023年报,24.77|2026一季报,2.32|2026一季报,医疗器械,医药生物-医疗器械-医疗设备,医药生物-医疗器械-医疗设备,【HS300_】【MSCI中国】【体外诊断概念】【养老金】【创业成份】【创业板综】【医疗器械概念】【大盘价值】【大盘股】【宁组合】【富时罗素】【权重股】【深圳特区】【深成500】【深股通】【深证100R】【独角兽】【百元股】【精准诊断】【茅指数】【融资融券】【行业龙头】,"医疗器械的研发、制造、营销及服务,始终以客户需求为导向,致力于为全球医疗机构提供优质的产品、服务和解决方案",160.37,-2.61,-13.54,-22.06,-,10.02,429.27亿,827.35亿,860.17亿,-,1288.37亿,21.72,36.05,33.82,-,45.13,4.10亿,-,5.47亿,3.50亿,2.95亿,-0.87,163.10,160.07,0.58,0.81,701.37万,11.33亿,20.87,1942.72亿,false,
50,001979,招商蛇口,SZ,9.07,-1.95,0,深交所主板,否,A股,9.74,10.75,12.37,9.07,817.75亿,9.07,132.44,0.84,99.72,99.76,99.88,99.92,99.96,8.90,10.93,14.43,16.23,16.79,2.14,2.10,2.03,2.01,2.00,-,-,-,-,-,-,-,-,-,-,-,-,-,-,-,-,-,-,-,-,-,-,-,-,-,-,-,-,-,-,-,-,13.76|2025年报,14.61|2024年报,15.89|2023年报,0.73|2025年报,3.36|2024年报,6.04|2023年报,-13.53,1547.28亿|2025年报,1789.48亿|2024年报,1750.08亿|2023年报,1830.03亿|2022年报,-74.65,10.24亿|2025年报,40.39亿|2024年报,63.19亿|2023年报,42.64亿|2022年报,96.93亿|2025年报,319.64亿|2024年报,314.31亿|2023年报,67.20|2026一季报,44.35|2026一季报,房地产开发,房地产-房地产开发-商业地产,房地产-房地产开发-商业地产,【2025年报预减】【HS300_】【MSCI中国】【REITs概念】【一带一路】【免税概念】【养老概念】【周期股】【大盘价值】【大盘股】【央国企改革】【富时罗素】【微利股】【机构重仓】【标准普尔】【深圳特区】【深成500】【深股通】【深证100R】【破净股】【破发股】【破增发价股】【租售同权】【粤港自贸】【融资融券】【雄安新区】【零售概念】,"开发业务主营以住宅为主的可售型商品房的开发与销售,此外还包括代建业务;资产运营业务包括集中商业、产业办公、公寓酒店等持有物业运营与资产管理以及会展和邮轮业务;物业服务业务包括基础物业管理、平台增值服务及专业增值服务等",9.07,7.85,-2.66,-15.04,-,18.53,158.75亿,379.27亿,293.24亿,-,416.92亿,21.50,46.36,37.00,-,53.55,31.13亿,-,45.29亿,34.09亿,36.66亿,-0.18,9.29,8.99,0.64,0.63,5343.96万,4.88亿,522.61,763.11亿,false,
51,000596,古井贡酒,SZ,97.62,-3.38,0,深交所主板,否,A股,178.26,198.60,165.75,97.62,516.02亿,97.62,18.26,1.98,16.40,17.46,16.89,17.61,18.05,10.92,11.37,11.13,11.55,11.97,6.15,5.94,6.04,5.85,5.68,-,-,-,-,-,-,-,-,-,-,-,-,-,-,-,-,-,-,-,-,-,-,-,-,-,-,-,-,-,-,-,-,79.26|2025年报,79.90|2024年报,79.07|2023年报,14.28|2025年报,23.89|2024年报,22.92|2023年报,-20.13,188.32亿|2025年报,235.78亿|2024年报,202.54亿|2023年报,167.13亿|2022年报,-35.67,35.49亿|2025年报,55.17亿|2024年报,45.89亿|2023年报,31.43亿|2022年报,19.47亿|2025年报,47.28亿|2024年报,44.96亿|2023年报,32.97|2026一季报,4.43|2026一季报,白酒Ⅱ,食品饮料-白酒Ⅱ-白酒Ⅲ,食品饮料-白酒Ⅱ-白酒Ⅲ,【AB股】【HS300_】【MSCI中国】【味蕾经济】【大盘价值】【大盘股】【央国企改革】【央视50_】【富时罗素】【机构重仓】【标准普尔】【深成500】【深股通】【深证100R】【白酒】【破增发价股】【融资融券】【酿酒概念】,白酒的生产和销售,97.62,-5.09,-21.85,-17.53,-,20.76,92.34亿,258.84亿,261.70亿,-,351.40亿,21.38,50.51,41.36,-,56.24,1.69亿,-,2.30亿,1.67亿,1.62亿,-3.42,101.00,97.18,0.81,0.94,332.71万,3.27亿,8.03,398.88亿,false,
52,600760,中航沈飞,SH,47.29,-1.27,1,上交所主板,否,A股,47.92,45.71,35.42,47.29,1340.72亿,47.29,41.23,5.64,55.51,56.16,57.52,58.38,57.88,57.88,58.30,59.36,59.98,59.58,0.83,0.82,0.80,0.79,0.80,-,-,-,-,-,-,-,-,-,-,-,-,-,-,-,-,-,-,-,-,-,-,-,-,-,-,-,-,-,-,-,-,13.70|2025年报,12.47|2024年报,10.95|2023年报,18.35|2025年报,20.20|2024年报,20.96|2023年报,4.25,446.56亿|2025年报,428.37亿|2024年报,462.48亿|2023年报,415.98亿|2022年报,3.65,35.18亿|2025年报,33.94亿|2024年报,30.07亿|2023年报,23.05亿|2022年报,-22.86亿|2025年报,-37.42亿|2024年报,-43.93亿|2023年报,64.61|2026一季报,0.16|2026一季报,航空装备Ⅱ,国防军工-航空装备Ⅱ-航空装备Ⅲ,国防军工-航空装备Ⅱ-航空装备Ⅲ,【HS300_】【MSCI中国】【上证180_】【上证50_】【军工】【军民融合】【大盘股】【大飞机】【央国企改革】【安防概念】【富时罗素】【无人机】【机构重仓】【标准普尔】【沪股通】【破增发价股】【航天航空】【融资融券】【行业龙头】,航空产品制造,47.29,-3.69,-12.34,-21.87,-,22.59,297.53亿,843.64亿,837.23亿,-,1499.78亿,21.36,52.63,49.93,-,88.54,13.72亿,-,24.33亿,19.53亿,9.50亿,-0.61,47.89,47.13,0.57,0.51,1619.33万,7.68亿,203.19,1338.10亿,false,
53,601390,中国中铁,SH,5.00,-0.79,1,上交所主板,否,A股,5.80,5.49,5.34,5.00,1234.31亿,5.00,5.82,0.38,30.71,31.25,32.42,32.87,33.21,0.00,0.00,0.09,0.09,0.11,5.21,5.17,5.10,5.08,5.05,-,-,-,-,-,-,-,-,-,-,-,-,-,-,-,-,-,-,-,-,-,-,-,-,-,-,-,-,-,-,-,-,9.34|2025年报,9.80|2024年报,10.01|2023年报,6.72|2025年报,9.09|2024年报,11.81|2023年报,-5.77,1.09万亿|2025年报,1.16万亿|2024年报,1.26万亿|2023年报,1.15万亿|2022年报,-17.91,228.92亿|2025年报,278.87亿|2024年报,334.83亿|2023年报,312.73亿|2022年报,287.72亿|2025年报,280.51亿|2024年报,383.63亿|2023年报,77.46|2026一季报,33.39|2026一季报,基础建设,建筑装饰-基础建设-基建市政工程,建筑装饰-基础建设-基建市政工程,【AH股】【HS300_】【MSCI中国】【PPP模式】【一带一路】【上证180_】【中字头】【中特估】【化债(AMC)概念】【参股券商】【大盘价值】【大盘股】【央国企改革】【富时罗素】【小金属概念】【工程建设】【工程机械概念】【标准普尔】【水利建设】【沪股通】【破净股】【破增发价股】【磁悬浮概念】【融资融券】【装配建筑】【证金持股】【铁路基建】【长期破净】,"工程建造业务,设计咨询业务,装备制造业务,特色地产业务,资产经营业务,资源利用业务,金融物贸业务,新兴业务",5.00,-7.92,0.37,-0.37,-,1.50,226.50亿,1243.17亿,342.75亿,-,438.39亿,21.21,105.54,29.68,-,37.37,60.76亿,-,76.51亿,40.73亿,42.36亿,-0.04,5.06,4.99,0.79,1.09,1.61亿,8.07亿,7.08,1023.94亿,false,
54,600741,华域汽车,SH,17.68,-1.01,1,上交所主板,否,A股,17.19,17.61,17.78,17.68,557.40亿,17.68,7.77,0.82,12.69,13.76,14.87,15.26,15.46,0.40,0.56,0.86,0.92,0.93,4.52,4.48,4.43,4.42,4.42,-,-,-,-,-,-,-,-,-,-,-,-,-,-,-,-,-,-,-,-,-,-,-,-,-,-,-,-,-,-,-,-,12.30|2025年报,12.14|2024年报,13.14|2023年报,11.16|2025年报,11.19|2024年报,13.03|2023年报,8.49,1839.99亿|2025年报,1696.04亿|2024年报,1685.94亿|2023年报,1582.68亿|2022年报,7.51,72.07亿|2025年报,67.04亿|2024年报,72.14亿|2023年报,72.03亿|2022年报,95.23亿|2025年报,82.29亿|2024年报,113.16亿|2023年报,62.12|2026一季报,16.28|2026一季报,汽车零部件,汽车-汽车零部件-车身附件及饰件,汽车-汽车零部件-车身附件及饰件,【HS300_】【MSCI中国】【上证180_】【价值股】【养老金】【参股券商】【周期股】【固态电池】【大盘价值】【大盘股】【央国企改革】【富时罗素】【小米汽车】【新能源车】【无人驾驶】【机构重仓】【标准普尔】【毫米波概念】【沪企改革】【沪股通】【特斯拉概念】【电池技术】【破净股】【融资融券】【证金持股】【长期破净】,包括汽车等交通运输车辆和工程机械的零部件及其总成的设计、研发和销售等,17.68,-7.96,-3.95,-2.44,-,21.66,125.98亿,158.61亿,161.68亿,-,268.35亿,20.60,25.98,25.53,-,43.56,8.05亿,-,13.73亿,7.47亿,7.79亿,-0.18,17.98,17.59,0.71,0.88,2246.42万,3.99亿,11.20,557.40亿,false,
55,601901,方正证券,SH,7.01,-1.41,1,上交所主板,否,A股,7.64,7.44,7.31,7.01,577.07亿,7.01,13.54,1.10,0.98,1.17,1.51,1.65,1.57,0.50,0.87,1.31,1.48,1.40,1.86,1.83,1.80,1.79,1.79,-,-,-,-,-,-,-,-,-,-,-,-,-,-,-,-,-,-,-,-,-,-,-,-,-,-,-,-,-,-,-,-,-,-,-,8.01|2025年报,4.72|2024年报,4.88|2023年报,36.08,105.04亿|2025年报,77.18亿|2024年报,71.19亿|2023年报,77.77亿|2022年报,79.85,39.70亿|2025年报,22.07亿|2024年报,21.52亿|2023年报,21.48亿|2022年报,10.66亿|2025年报,3.29亿|2024年报,-83.11亿|2023年报,82.68|2026一季报,-,证券Ⅱ,非银金融-证券Ⅱ-证券Ⅲ,非银金融-证券Ⅱ-证券Ⅲ,【2025年报预增】【HS300_】【MSCI中国】【上证180_】【互联网金融】【券商概念】【参股银行】【周期股】【大盘股】【富时罗素】【机构重仓】【标准普尔】【沪股通】【融资融券】【证金持股】,财富管理、投资与交易、资产管理、投资银行、研究服务等五大板块,7.01,3.24,-12.84,-3.47,-,3.73,118.66亿,342.62亿,388.05亿,-,526.93亿,20.36,53.78,58.45,-,76.78,48.12亿,-,63.21亿,25.83亿,31.54亿,-0.10,7.13,6.97,0.85,1.24,6975.18万,4.91亿,9.71,577.07亿,false,-
56,002415,海康威视,SZ,33.12,-0.99,0,深交所主板,否,A股,30.60,34.73,33.05,33.12,3035.41亿,33.12,20.32,3.83,8.83,9.68,15.16,15.50,21.06,6.20,7.05,8.76,9.02,10.47,3.33,3.29,3.19,3.19,3.12,-,-,-,-,-,-,-,-,-,-,-,-,-,-,-,-,-,-,-,-,-,-,-,-,-,-,-,-,-,-,-,-,45.88|2025年报,43.83|2024年报,44.33|2023年报,17.30|2025年报,15.34|2024年报,19.64|2023年报,0.01,925.08亿|2025年报,924.96亿|2024年报,893.41亿|2023年报,831.66亿|2022年报,18.52,141.95亿|2025年报,119.77亿|2024年报,141.08亿|2023年报,128.38亿|2022年报,253.39亿|2025年报,132.64亿|2024年报,166.22亿|2023年报,30.26|2026一季报,16.25|2026一季报,计算机设备,计算机-计算机设备-安防设备,计算机-计算机设备-安防设备,【AI应用】【HS300_】【MSCI中国】【中特估】【云计算】【人工智能】【光纤概念】【大数据】【大盘股】【央国企改革】【央视50_】【存储芯片】【安防概念】【无人机】【无人驾驶】【智慧城市】【机器人概念】【权重股】【标准普尔】【深成500】【深股通】【深证100R】【物联网】【生物识别】【茅指数】【虚拟现实】【融资融券】【行业龙头】【证金持股】【超清视频】【车联网(车路云)】【边缘计算】【长江三角】,"安防视频监控产品研发、生产和销售,产品包括硬盘录像机(DVR)、视音频编解码卡等数据存储及处理设备,以及监控摄像机、监控球机、视频服务器(DVS)等视音频信息采集处理设备。",33.12,8.88,1.94,-4.11,-,13.87,620.89亿,967.21亿,1115.93亿,-,1216.08亿,20.19,33.94,38.48,-,45.15,34.81亿,-,40.85亿,18.12亿,26.92亿,-0.33,34.08,33.02,0.68,0.83,6185.46万,20.74亿,27.29,2996.17亿,false,
57,002311,海大集团,SZ,47.60,-0.04,0,深交所主板,否,A股,48.98,54.06,47.18,47.60,783.20亿,47.60,20.16,3.08,9.28,9.29,6.96,7.39,7.97,6.38,6.43,4.56,4.83,5.31,2.76,2.76,2.88,2.86,2.83,-,-,-,-,-,-,-,-,-,-,-,-,-,-,-,-,-,-,-,-,-,-,-,-,-,-,-,-,-,-,-,-,10.33|2025年报,11.31|2024年报,8.47|2023年报,17.42|2025年报,20.88|2024年报,14.53|2023年报,12.10,1284.68亿|2025年报,1146.01亿|2024年报,1161.17亿|2023年报,1047.15亿|2022年报,-4.97,42.80亿|2025年报,45.04亿|2024年报,27.41亿|2023年报,29.57亿|2022年报,62.60亿|2025年报,79.96亿|2024年报,126.98亿|2023年报,48.98|2026一季报,22.37|2026一季报,饲料,农林牧渔-饲料-水产饲料,农林牧渔-饲料-水产饲料,【HS300_】【MSCI中国】【大盘股】【富时罗素】【标准普尔】【水产概念】【深成500】【深股通】【深证100R】【猪肉概念】【融资融券】【行业龙头】,饲料、饲料原料贸易、动保、畜禽和水产养殖及肉食屠宰加工等业务,47.60,-4.44,-10.06,-13.16,-,9.21,155.79亿,264.38亿,249.95亿,-,319.78亿,19.63,29.79,26.43,-,32.41,4.39亿,-,5.39亿,6.18亿,3.66亿,-0.02,48.25,46.22,0.77,0.73,1260.37万,6.00亿,22.07,782.62亿,false,
58,601788,光大证券,SH,14.95,-1.84,1,上交所主板,否,A股,16.43,15.51,14.22,14.95,689.31亿,14.95,16.93,1.11,15.51,16.20,17.21,17.46,17.39,10.71,11.55,13.49,14.09,14.04,1.46,1.43,1.40,1.40,1.40,-,-,-,-,-,-,-,-,-,-,-,-,-,-,-,-,-,-,-,-,-,-,-,-,-,-,-,-,-,-,-,-,-,-,-,5.58|2025年报,4.58|2024年报,6.91|2023年报,13.06,108.52亿|2025年报,95.98亿|2024年报,100.31亿|2023年报,107.80亿|2022年报,21.77,37.24亿|2025年报,30.58亿|2024年报,42.71亿|2023年报,31.89亿|2022年报,139.07亿|2025年报,363.82亿|2024年报,155.81亿|2023年报,76.84|2026一季报,-,证券Ⅱ,非银金融-证券Ⅱ-证券Ⅲ,非银金融-证券Ⅱ-证券Ⅲ,【AH股】【HS300_】【MSCI中国】【上证180_】【互联网金融】【券商概念】【参股期货】【周期股】【大盘股】【央国企改革】【富时罗素】【机构重仓】【标准普尔】【沪股通】【破发股】【融资融券】【证金持股】【长江三角】,财富管理业务集群、企业融资业务集群、机构客户业务集群、投资交易业务集群、资产管理业务集群及股权投资业务集群,14.95,-1.90,-13.16,-6.20,-,5.35,117.13亿,245.81亿,333.43亿,-,807.66亿,19.61,37.06,46.53,-,108.50,18.18亿,-,42.39亿,21.04亿,18.60亿,-0.28,15.24,14.82,0.85,0.97,3313.65万,4.97亿,14.78,584.05亿,false,-
59,600674,川投能源,SH,14.99,-0.33,1,上交所主板,否,A股,15.43,13.71,11.19,14.99,730.70亿,14.99,15.45,1.58,27.91,28.24,30.90,31.31,30.16,10.61,11.03,13.73,14.36,12.91,2.67,2.66,2.60,2.59,2.62,-,-,-,-,-,-,-,-,-,-,-,-,-,-,-,-,-,-,-,-,-,-,-,-,-,-,-,-,-,-,-,-,50.70|2025年报,51.18|2024年报,46.37|2023年报,10.97|2025年报,11.10|2024年报,12.63|2023年报,3.65,16.68亿|2025年报,16.09亿|2024年报,14.82亿|2023年报,14.20亿|2022年报,5.47,47.54亿|2025年报,45.08亿|2024年报,44.00亿|2023年报,35.15亿|2022年报,7.63亿|2025年报,8.79亿|2024年报,5.96亿|2023年报,32.63|2026一季报,83.19|2026一季报,电力,公用事业-电力-水力发电,公用事业-电力-水力发电,【HS300_】【MSCI中国】【上证180_】【光纤概念】【大盘股】【央国企改革】【富时罗素】【成渝特区】【机构重仓】【标准普尔】【沪股通】【绿色电力】【融资融券】【西部大开发】【证金持股】,"投资开发、经营管理清洁能源为主业,研发、生产、销售轨道交通电气自动化系统,生产经营光纤光缆等高新技术产品。",14.99,0.67,7.12,-2.66,-,-8.70,133.09亿,250.92亿,171.25亿,-,253.67亿,18.14,34.77,23.95,-,34.02,11.67亿,-,16.58亿,11.98亿,12.53亿,-0.05,15.12,14.73,0.67,0.87,3246.28万,4.85亿,12.58,730.70亿,false,
60,600050,中国联通,SH,4.66,-1.27,1,上交所主板,否,A股,4.78,4.31,4.44,4.66,1456.92亿,4.66,16.83,0.85,11.22,12.15,12.48,10.95,12.12,5.86,6.76,7.28,5.73,6.72,3.72,3.67,3.66,3.73,3.67,-,-,-,-,-,-,-,-,-,-,-,-,-,-,-,-,-,-,-,-,-,-,-,-,-,-,-,-,-,-,-,-,23.54|2025年报,23.42|2024年报,24.52|2023年报,5.39|2025年报,5.49|2024年报,5.08|2023年报,0.68,3922.23亿|2025年报,3895.89亿|2024年报,3725.97亿|2023年报,3549.44亿|2022年报,1.07,91.27亿|2025年报,90.30亿|2024年报,81.73亿|2023年报,72.99亿|2022年报,914.11亿|2025年报,912.55亿|2024年报,1043.42亿|2023年报,43.11|2026一季报,11.43|2026一季报,通信服务,通信-通信服务-电信运营商,通信-通信服务-电信运营商,【5G概念】【HS300_】【IPv6】【MSCI中国】【WiFi】【上证180_】【上证50_】【中字头】【中特估】【价值股】【区块链】【华为概念】【卫星互联网】【参股银行】【大数据】【大盘价值】【大盘股】【央国企改革】【富时罗素】【数据中心】【数据安全】【数据要素】【标准普尔】【沪股通】【物联网】【破净股】【破增发价股】【移动支付】【算力概念】【融资融券】【超清视频】【通信技术】【量子科技】【阿里概念】,"本公司以“数字信息基础设施运营服务国家队、网络强国数字中国智慧社会建设主力军、数字技术融合创新排头兵”为定位,把战略升级为“强基固本、守正创新、融合开放”,更加突出强网络之基、固服务之本,练好“基本功”;更加突出守网络化之正,拓数字化、智能化之新,打好“组合拳”;更加突出要素融合、市场融通,与合作伙伴一起打好“团体赛”。在新定位新战略下,本公司全面发力数字经济主航道,将“大联接、大计算、大数据、大应用、大安全”作为主责主业,实现发展动力、路径和方式的全方位转型升级,开辟新的发展空间,提升客户价值,更好服务和融入新发展格局。",4.66,4.72,-12.92,-5.19,-,3.06,248.49亿,718.60亿,643.27亿,-,1526.01亿,17.51,46.48,38.66,-,89.26,118.96亿,-,274.61亿,134.92亿,326.69亿,-0.06,4.77,4.63,0.74,0.67,2.30亿,10.78亿,17.04,1444.15亿,false,
61,000568,泸州老窖,SZ,91.00,-3.55,0,深交所主板,否,A股,138.35,166.59,131.36,91.00,1339.47亿,91.00,13.47,2.60,11.84,13.79,13.02,14.05,15.44,11.49,13.14,12.46,13.28,14.30,6.54,6.31,6.42,6.28,6.14,-,-,-,-,-,-,-,-,-,-,-,-,-,-,-,-,-,-,-,-,-,-,-,-,-,-,-,-,-,-,-,-,86.62|2025年报,87.54|2024年报,88.30|2023年报,22.66|2025年报,30.44|2024年报,35.07|2023年报,-17.52,257.31亿|2025年报,311.96亿|2024年报,302.33亿|2023年报,251.24亿|2022年报,-19.61,108.31亿|2025年报,134.73亿|2024年报,132.46亿|2023年报,103.65亿|2022年报,71.23亿|2025年报,191.82亿|2024年报,106.48亿|2023年报,21.81|2026一季报,46.33|2026一季报,白酒Ⅱ,食品饮料-白酒Ⅱ-白酒Ⅲ,食品饮料-白酒Ⅱ-白酒Ⅲ,【HS300_】【IPO受益】【MSCI中国】【价值股】【农业种植】【参股券商】【味蕾经济】【基金重仓】【大盘价值】【大盘股】【央国企改革】【富时罗素】【成渝特区】【机构重仓】【标准普尔】【深成500】【深股通】【深证100R】【白酒】【茅指数】【融资融券】【西部大开发】【证金持股】【超级品牌】【酿酒概念】,泸州老窖系列酒的生产、销售。,91.00,-13.07,-8.86,-12.03,-,21.51,255.30亿,720.67亿,699.48亿,-,922.37亿,17.44,42.77,36.27,-,48.77,5.33亿,-,7.17亿,5.40亿,6.58亿,-3.35,93.20,90.75,0.93,1.19,1369.78万,12.53亿,9.03,1338.84亿,false,
62,600809,山西汾酒,SH,131.41,-1.97,1,上交所主板,否,A股,190.29,226.08,167.76,131.41,1603.16亿,131.41,14.60,3.56,3.05,3.19,3.18,3.30,3.63,22.66,24.76,24.52,27.25,29.83,2.74,2.69,2.69,2.63,2.56,-,-,-,-,-,-,-,-,-,-,-,-,-,-,-,-,-,-,-,-,-,-,-,-,-,-,-,-,-,-,-,-,74.85|2025年报,76.20|2024年报,75.31|2023年报,33.48|2025年报,39.68|2024年报,43.06|2023年报,7.52,387.18亿|2025年报,360.11亿|2024年报,319.28亿|2023年报,262.14亿|2022年报,0.03,122.46亿|2025年报,122.43亿|2024年报,104.38亿|2023年报,80.96亿|2022年报,90.14亿|2025年报,121.72亿|2024年报,72.25亿|2023年报,29.26|2026一季报,0.13|2026一季报,白酒Ⅱ,食品饮料-白酒Ⅱ-白酒Ⅲ,食品饮料-白酒Ⅱ-白酒Ⅲ,【HS300_】【MSCI中国】【上证180_】【上证50_】【味蕾经济】【基金重仓】【大盘股】【央国企改革】【富时罗素】【标准普尔】【沪股通】【白酒】【百元股】【融资融券】【酿酒概念】,汾酒、竹叶青酒、杏花村系列酒的生产、销售,131.41,-8.14,-16.68,-11.50,-,12.28,296.09亿,630.73亿,547.57亿,-,930.18亿,17.38,31.00,23.82,-,40.19,2.91亿,-,4.90亿,3.49亿,3.47亿,-2.64,133.58,130.33,0.62,0.83,752.45万,9.88亿,7.45,1603.16亿,false,
63,000858,五 粮 液,SZ,86.87,-2.38,0,深交所主板,否,A股,124.32,148.15,135.10,86.87,3371.95亿,86.87,26.76,2.63,58.96,61.32,61.44,62.74,63.65,16.73,17.66,17.71,18.06,18.80,6.62,6.46,6.45,6.35,6.26,-,-,-,-,-,-,-,-,-,-,-,-,-,-,-,-,-,-,-,-,-,-,-,-,-,-,-,-,-,-,-,-,77.54|2025年报,77.05|2024年报,75.79|2023年报,6.89|2025年报,23.35|2024年报,25.06|2023年报,-54.55,405.29亿|2025年报,891.75亿|2024年报,832.72亿|2023年报,739.69亿|2022年报,-71.89,89.54亿|2025年报,318.53亿|2024年报,302.11亿|2023年报,266.90亿|2022年报,297.06亿|2025年报,339.40亿|2024年报,417.42亿|2023年报,34.31|2026一季报,0.65|2026一季报,白酒Ⅱ,食品饮料-白酒Ⅱ-白酒Ⅲ,食品饮料-白酒Ⅱ-白酒Ⅲ,【HS300_】【MSCI中国】【参股银行】【味蕾经济】【大盘价值】【大盘股】【央国企改革】【富时罗素】【成渝特区】【新零售】【机构重仓】【权重股】【标准普尔】【深成500】【深股通】【深证100R】【电商概念】【白酒】【茅指数】【融资融券】【西部大开发】【证金持股】【超级品牌】【酿酒概念】,白酒生产和销售,86.87,-15.88,-2.52,-10.90,-,5.08,629.42亿,1259.32亿,1224.18亿,-,1790.26亿,16.99,30.84,26.98,-,36.93,10.47亿,-,14.34亿,11.02亿,12.07亿,-2.12,88.08,86.62,0.93,0.96,3611.79万,31.46亿,10.46,3371.87亿,false,
64,601881,中国银河,SH,12.42,-2.13,1,上交所主板,否,A股,13.52,11.79,10.67,12.42,1358.05亿,12.42,10.59,1.12,10.59,11.44,12.46,12.78,12.92,9.57,13.12,16.94,17.75,18.60,2.58,2.53,2.48,2.47,2.46,-,-,-,-,-,-,-,-,-,-,-,-,-,-,-,-,-,-,-,-,-,-,-,-,-,-,-,-,-,-,-,-,-,-,-,9.84|2025年报,8.30|2024年报,7.52|2023年报,24.34,283.02亿|2025年报,227.62亿|2024年报,336.44亿|2023年报,336.42亿|2022年报,24.81,125.20亿|2025年报,100.31亿|2024年报,78.79亿|2023年报,77.68亿|2022年报,249.36亿|2025年报,347.97亿|2024年报,-442.61亿|2023年报,84.08|2026一季报,-,证券Ⅱ,非银金融-证券Ⅱ-证券Ⅲ,非银金融-证券Ⅱ-证券Ⅲ,【AH股】【HS300_】【MSCI中国】【上证180_】【中字头】【中特估】【券商概念】【周期股】【大盘股】【央国企改革】【富时罗素】【机构重仓】【标准普尔】【沪股通】【科创板做市商】【融资融券】【证金持股】,财富管理业务、投资银行业务、机构业务、国际业务、投资交易业务和其他母子公司一体化业务,12.42,-2.51,-18.96,-10.93,-,4.87,152.17亿,357.35亿,382.62亿,-,735.42亿,16.40,33.12,31.22,-,57.54,22.61亿,-,41.68亿,39.64亿,59.22亿,-0.27,12.72,12.37,0.58,0.88,4196.48万,5.25亿,10.23,899.63亿,false,-
65,600905,三峡能源,SH,4.11,-1.20,1,上交所主板,否,A股,4.38,5.02,-,4.11,1174.95亿,4.11,50.91,1.31,99.33,99.58,99.83,99.83,99.83,1.34,4.03,7.98,5.97,4.46,1.63,1.61,1.57,1.60,1.61,-,-,-,-,-,-,-,-,-,-,-,-,-,-,-,-,-,-,-,-,-,-,-,-,-,-,-,-,-,-,-,-,41.81|2025年报,52.62|2024年报,55.11|2023年报,4.23|2025年报,7.22|2024年报,8.99|2023年报,-4.43,283.99亿|2025年报,297.17亿|2024年报,265.02亿|2023年报,238.12亿|2022年报,-39.20,37.14亿|2025年报,61.10亿|2024年报,71.74亿|2023年报,71.14亿|2022年报,209.38亿|2025年报,188.95亿|2024年报,144.28亿|2023年报,71.97|2026一季报,73.14|2026一季报,电力,公用事业-电力-风力发电,公用事业-电力-风力发电,【HS300_】【MSCI中国】【上证180_】【储能概念】【光伏概念】【大盘价值】【大盘股】【央国企改革】【新能源】【沪股通】【电池技术】【碳交易】【绿色电力】【融资融券】【钠离子电池】【风能】,风能、太阳能的开发、投资和运营,4.11,-3.52,4.16,-3.76,-,1.43,193.08亿,519.73亿,307.11亿,-,378.24亿,16.31,42.36,25.24,-,30.74,72.15亿,-,87.89亿,62.00亿,51.59亿,-0.05,4.16,4.11,0.65,0.79,1.87亿,7.72亿,28.24,1174.95亿,false,
66,601456,国联民生,SH,9.33,-1.58,1,上交所主板,否,A股,10.52,11.11,-,9.33,530.00亿,9.33,24.89,0.99,0.00,0.07,0.93,0.86,0.72,1.43,1.93,3.07,3.00,2.86,0.60,0.59,0.58,0.58,0.58,-,-,-,-,-,-,-,-,-,-,-,-,-,-,-,-,-,-,-,-,-,-,-,-,-,-,-,-,-,-,-,-,-,-,-,4.16|2025年报,2.19|2024年报,3.89|2023年报,185.99,76.73亿|2025年报,26.83亿|2024年报,29.55亿|2023年报,26.23亿|2022年报,405.49,20.09亿|2025年报,3.97亿|2024年报,6.71亿|2023年报,7.67亿|2022年报,-54.45亿|2025年报,140.57亿|2024年报,-7.14亿|2023年报,77.28|2026一季报,-,证券Ⅱ,非银金融-证券Ⅱ-证券Ⅲ,非银金融-证券Ⅱ-证券Ⅲ,【2025年报预增】【AH股】【HS300_】【MSCI中国】【上证180_】【互联网金融】【券商概念】【大盘成长】【大盘股】【央国企改革】【并购重组概念】【机构重仓】【沪股通】【破净股】【破增发价股】【融资融券】,经纪及财富管理业务、投资银行业务、资产管理及投资业务、信用交易业务及证券投资业务。,9.33,2.75,-10.72,-8.95,-,8.55,66.34亿,185.06亿,223.69亿,-,385.69亿,16.10,43.47,79.93,-,129.49,20.76亿,-,33.64亿,15.73亿,25.57亿,-0.15,9.54,9.28,0.61,1.13,2660.16万,2.50亿,26.67,408.37亿,false,-
67,601006,大秦铁路,SH,5.42,1.31,1,上交所主板,否,A股,6.14,5.74,5.40,5.42,1091.98亿,5.42,19.11,0.66,83.90,83.69,83.83,83.89,83.80,1.93,1.54,1.79,1.87,1.67,4.06,4.11,4.07,4.06,4.09,-,-,-,-,-,-,-,-,-,-,-,-,-,-,-,-,-,-,-,-,-,-,-,-,-,-,-,-,-,-,-,-,8.62|2025年报,15.30|2024年报,20.66|2023年报,3.64|2025年报,6.10|2024年报,9.09|2023年报,4.04,776.45亿|2025年报,746.27亿|2024年报,810.20亿|2023年报,757.58亿|2022年报,-34.73,59.00亿|2025年报,90.39亿|2024年报,119.30亿|2023年报,111.96亿|2022年报,49.87亿|2025年报,93.17亿|2024年报,172.46亿|2023年报,14.06|2026一季报,46.18|2026一季报,铁路公路,交通运输-铁路公路-铁路运输,交通运输-铁路公路-铁路运输,【HS300_】【MSCI中国】【上证180_】【中特估】【大盘价值】【大盘股】【央国企改革】【富时罗素】【标准普尔】【沪股通】【破净股】【红利破净股】【红利股】【融资融券】【证金持股】【铁路基建】【长期破净】,"主要经营铁路客、货运输业务,同时向国内其他铁路运输企业提供服务。",5.42,1.12,3.88,-11.19,-,-8.93,170.48亿,539.15亿,356.43亿,-,357.28亿,15.97,51.85,31.45,-,27.78,63.35亿,-,55.98亿,40.44亿,49.50亿,0.07,5.43,5.33,0.66,0.96,1.34亿,7.21亿,11.45,1091.98亿,false,
68,601618,中国中冶,SH,2.89,-0.69,1,上交所主板,否,A股,3.20,3.23,2.99,2.89,598.91亿,2.89,44.45,0.58,98.86,98.94,99.08,99.21,99.21,0.57,1.02,2.18,2.38,2.35,1.94,1.92,1.89,1.89,1.89,-,-,-,-,-,-,-,-,-,-,-,-,-,-,-,-,-,-,-,-,-,-,-,-,-,-,-,-,-,-,-,-,10.09|2025年报,9.69|2024年报,9.69|2023年报,0.05|2025年报,4.87|2024年报,7.23|2023年报,-17.51,4553.80亿|2025年报,5520.25亿|2024年报,6338.70亿|2023年报,5926.69亿|2022年报,-80.41,13.22亿|2025年报,67.46亿|2024年报,86.70亿|2023年报,102.76亿|2022年报,153.23亿|2025年报,78.48亿|2024年报,58.92亿|2023年报,77.48|2026一季报,14.42|2026一季报,专业工程,建筑装饰-专业工程-其他专业工程,建筑装饰-专业工程-其他专业工程,【2025年报预减】【AH股】【HS300_】【MSCI中国】【PPP模式】【一带一路】【上证180_】【中字头】【中特估】【低价股】【低碳冶金】【光伏概念】【大盘价值】【大盘股】【央国企改革】【富时罗素】【工程建设】【标准普尔】【沪股通】【破净股】【破发股】【破增发价股】【节能环保】【融资融券】【行业龙头】【装配建筑】【长期破净】,工程承包、资源开发、装备制造、房地产开发及其他业务。,2.89,-3.67,1.01,-22.86,-,31.85,83.82亿,475.51亿,497.17亿,-,307.71亿,15.85,84.79,80.63,-,52.50,143.94亿,-,93.72亿,39.45亿,42.71亿,-0.02,2.92,2.88,0.65,1.01,1.16亿,3.37亿,9.17,515.94亿,false,
69,601995,中金公司,SH,33.64,-1.90,1,上交所主板,否,A股,34.59,38.48,-,33.64,1623.89亿,33.64,14.34,1.58,0.00,0.07,0.45,0.37,0.30,4.92,6.42,7.39,7.32,7.26,0.54,0.52,0.52,0.52,0.52,-,-,-,-,-,-,-,-,-,-,-,-,-,-,-,-,-,-,-,-,-,-,-,-,-,-,-,-,-,-,-,-,-,-,-,9.39|2025年报,5.52|2024年报,6.43|2023年报,33.50,284.81亿|2025年报,213.33亿|2024年报,229.90亿|2023年报,260.87亿|2022年报,71.93,97.91亿|2025年报,56.94亿|2024年报,61.56亿|2023年报,75.98亿|2022年报,710.76亿|2025年报,418.74亿|2024年报,-105.84亿|2023年报,84.14|2026一季报,-,证券Ⅱ,非银金融-证券Ⅱ-证券Ⅲ,非银金融-证券Ⅱ-证券Ⅲ,【2025年报预增】【2026一季报预增】【AH股】【HS300_】【MSCI中国】【上证180_】【互联网金融】【券商概念】【周期股】【大盘股】【富时罗素】【并购重组概念】【沪股通】【融资融券】【证金持股】,投资银行、股票业务、固定收益、资产管理、私募股权、财富管理及相关金融服务,33.64,3.86,-7.46,-4.89,-,4.60,154.90亿,433.48亿,410.77亿,-,653.54亿,15.63,42.62,38.11,-,60.20,11.14亿,-,17.60亿,9.58亿,14.34亿,-0.65,34.37,33.40,0.61,1.03,1795.67万,6.07亿,11.35,983.48亿,false,-
70,000001,平安银行,SZ,10.99,-0.54,0,深交所主板,否,A股,10.38,11.62,11.55,10.99,2132.71亿,10.99,4.95,0.46,5.66,5.89,6.19,6.51,6.60,0.48,0.57,0.82,1.23,1.39,5.44,5.41,5.37,5.32,5.30,-,-,-,-,-,-,-,-,-,-,-,-,-,-,-,-,-,-,-,-,-,-,-,-,-,-,-,-,-,-,-,-,-,-,-,9.15|2025年报,10.08|2024年报,11.38|2023年报,-10.40,1314.42亿|2025年报,1466.95亿|2024年报,1646.99亿|2023年报,1798.95亿|2022年报,-4.21,426.33亿|2025年报,445.08亿|2024年报,464.55亿|2023年报,455.16亿|2022年报,3158.58亿|2025年报,633.36亿|2024年报,924.61亿|2023年报,90.98|2026一季报,-,银行Ⅱ,银行-银行Ⅱ-股份制银行Ⅲ,银行-股份制银行Ⅱ-股份制银行Ⅲ,【HS300_】【MSCI中国】【互联网金融】【价值股】【区块链】【大盘价值】【大盘股】【富时罗素】【机构重仓】【标准普尔】【深圳特区】【深成500】【深股通】【深证100R】【破净股】【融资融券】【证金持股】【跨境支付】【长期破净】,(一)吸收公众存款;(二)发放短期、中期和长期贷款;(三)办理国内外结算;(四)办理票据承兑与贴现;(五)发行金融债券;(六)代理发行、代理兑付、承销政府债券;(七)买卖政府债券、金融债券;(八)从事同业拆借;(九)买卖、代理买卖外汇;(十)从事银行卡业务;(十一)提供信用证服务及担保;(十二)代理收付款项及代理保险业务;(十三)提供保管箱服务;(十四)结汇、售汇业务;(十五)离岸银行业务;(十六)资产托管业务;(十七)办理黄金业务;(十八)财务顾问、资信调查、咨询、见证业务;(十九)经有关监管机构批准的其他业务,10.99,-0.81,-2.89,2.79,-,-6.17,302.76亿,565.59亿,660.08亿,-,1031.96亿,13.88,26.43,29.45,-,43.47,57.16亿,-,84.35亿,63.72亿,63.99亿,-0.06,11.11,10.96,0.50,1.07,9747.42万,10.75亿,3.67,2132.68亿,false,-
71,601668,中国建筑,SH,4.93,-0.20,1,上交所主板,否,A股,5.14,4.81,4.50,4.93,2037.10亿,4.93,5.37,0.41,42.34,42.54,43.04,43.32,43.36,0.32,0.34,0.44,0.52,0.54,5.51,5.50,5.46,5.44,5.43,-,-,-,-,-,-,-,-,-,-,-,-,-,-,-,-,-,-,-,-,-,-,-,-,-,-,-,-,-,-,-,-,9.90|2025年报,9.86|2024年报,9.83|2023年报,8.15|2025年报,10.36|2024年报,13.36|2023年报,-4.81,2.08万亿|2025年报,2.19万亿|2024年报,2.27万亿|2023年报,2.06万亿|2022年报,-15.42,390.69亿|2025年报,461.94亿|2024年报,542.64亿|2023年报,509.50亿|2022年报,205.37亿|2025年报,158.26亿|2024年报,110.30亿|2023年报,76.80|2026一季报,35.53|2026一季报,房屋建设Ⅱ,建筑装饰-房屋建设Ⅱ-房屋建设Ⅲ,建筑装饰-房屋建设Ⅱ-房屋建设Ⅲ,【HS300_】【MSCI中国】【PPP模式】【一带一路】【上证180_】【上证50_】【中字头】【中特估】【大盘价值】【大盘股】【央国企改革】【富时罗素】【工程建设】【数字孪生】【机构重仓】【标准普尔】【沪股通】【破净股】【融资融券】【行业龙头】【装配建筑】【证金持股】【长期破净】,"主要投资方向为房地产开发、融投资建造、城镇综合建设等领域。公司强化内部资源整合与业务协同,打造“规划设计、投资开发、基础设施建设、房屋建筑工程”“四位一体”的商业模式,为城市建设提供全领域、全过程、全要素的一揽子服务",4.93,-1.60,-2.34,-5.87,-,-0.91,280.20亿,856.83亿,632.24亿,-,866.99亿,13.75,41.02,28.30,-,36.88,116.92亿,-,152.39亿,102.05亿,111.43亿,-0.01,4.97,4.92,0.51,0.90,2.10亿,10.39亿,3.67,2037.10亿,false,
72,600016,民生银行,SH,3.61,-0.82,1,上交所主板,否,A股,3.66,3.37,3.70,3.61,1580.55亿,3.61,5.39,0.27,28.25,29.37,29.70,30.47,30.71,0.10,0.21,0.28,0.34,0.41,5.48,5.44,5.42,5.38,5.37,-,-,-,-,-,-,-,-,-,-,-,-,-,-,-,-,-,-,-,-,-,-,-,-,-,-,-,-,-,-,-,-,-,-,-,4.93|2025年报,5.18|2024年报,6.10|2023年报,4.82,1428.65亿|2025年报,1362.90亿|2024年报,1408.17亿|2023年报,1424.76亿|2022年报,-5.37,305.63亿|2025年报,322.96亿|2024年报,358.23亿|2023年报,352.69亿|2022年报,-1574.76亿|2025年报,-2316.38亿|2024年报,736.76亿|2023年报,90.90|2026一季报,-,银行Ⅱ,银行-银行Ⅱ-股份制银行Ⅲ,银行-股份制银行Ⅱ-股份制银行Ⅲ,【AH股】【HS300_】【MSCI中国】【上证180_】【互联网金融】【参股券商】【大盘价值】【大盘股】【央视50_】【富时罗素】【标准普尔】【沪股通】【破净股】【红利破净股】【红利股】【融资融券】【跨境支付】【长期破净】,主要在中国从事公司及个人银行业务、资金业务、融资租赁业务、基金及资产管理业务、投资银行业务及提供其他相关金融服务,3.61,-4.75,-1.04,-3.77,-,-12.53,179.06亿,647.04亿,997.42亿,-,1007.39亿,13.59,47.38,69.97,-,60.31,248.11亿,-,213.89亿,118.75亿,98.26亿,-0.03,3.65,3.61,0.52,1.14,1.84亿,6.68亿,3.43,1280.18亿,false,-
73,000538,云南白药,SZ,50.90,-1.17,0,深交所主板,否,A股,50.50,51.93,51.66,50.90,908.19亿,50.90,17.28,2.31,1.03,1.16,1.19,1.24,1.55,2.27,2.62,2.73,2.88,3.72,5.11,5.05,5.04,5.02,4.94,-,-,-,-,-,-,-,-,-,-,-,-,-,-,-,-,-,-,-,-,-,-,-,-,-,-,-,-,-,-,-,-,29.51|2025年报,27.90|2024年报,26.51|2023年报,13.02|2025年报,11.99|2024年报,10.51|2023年报,2.88,411.87亿|2025年报,400.33亿|2024年报,391.11亿|2023年报,364.88亿|2022年报,8.51,51.53亿|2025年报,47.49亿|2024年报,40.94亿|2023年报,30.01亿|2022年报,46.00亿|2025年报,42.97亿|2024年报,35.03亿|2023年报,25.31|2026一季报,2.26|2026一季报,中药Ⅱ,医药生物-中药Ⅱ-中药Ⅲ,医药生物-中药Ⅱ-中药Ⅲ,【HS300_】【MSCI中国】【中药概念】【医疗器械概念】【参股券商】【大盘价值】【大盘股】【央视50_】【富时罗素】【工业大麻】【机构重仓】【标准普尔】【深成500】【深股通】【深证100R】【特色药】【独家药品】【股权激励】【融资融券】【西部大开发】【证金持股】【超级品牌】,"自制工业品的研发、生产和销售,以及药品批发零售业务",50.90,-4.47,-3.44,0.02,-,3.72,128.74亿,268.68亿,252.55亿,-,407.78亿,13.40,26.89,25.24,-,40.09,4.48亿,-,7.11亿,4.34亿,4.36亿,-0.60,51.50,50.80,0.45,0.89,794.92万,4.06亿,11.14,902.42亿,false,
74,002352,顺丰控股,SZ,35.85,-1.05,0,深交所主板,否,A股,39.17,45.11,46.06,35.85,1806.64亿,35.85,15.84,1.84,0.00,0.00,0.00,0.03,0.10,0.48,0.81,1.09,1.65,2.71,2.52,2.49,2.46,2.44,2.41,-,-,-,-,-,-,-,-,-,-,-,-,-,-,-,-,-,-,-,-,-,-,-,-,-,-,-,-,-,-,-,-,13.32|2025年报,13.93|2024年报,12.82|2023年报,11.51|2025年报,11.16|2024年报,9.19|2023年报,8.37,3082.27亿|2025年报,2844.20亿|2024年报,2584.09亿|2023年报,2674.90亿|2022年报,9.31,111.17亿|2025年报,101.70亿|2024年报,82.34亿|2023年报,61.74亿|2022年报,275.55亿|2025年报,321.86亿|2024年报,265.70亿|2023年报,47.80|2026一季报,46.15|2026一季报,物流,交通运输-物流-快递,交通运输-物流-快递,【AH股】【HS300_】【MSCI中国】【REITs概念】【云计算】【人工智能】【低空经济】【军民融合】【冷链物流】【区块链】【大数据】【大盘价值】【大盘股】【富时罗素】【快递概念】【无人机】【标准普尔】【深圳特区】【深成500】【深股通】【深证100R】【破增发价股】【融资融券】【行业龙头】【跨境电商】【车联网(车路云)】,速运物流业务主要包括时效快递、经济快递、快运、冷运及医药、同城即时配送;供应链及国际业务主要包括国际快递、国际货运及代理、供应链,35.85,-5.76,-0.73,-4.98,-,-15.73,237.04亿,611.67亿,606.81亿,-,888.52亿,13.36,33.68,32.23,-,42.02,15.37亿,-,20.05亿,11.55亿,11.25亿,-0.38,36.21,35.75,0.45,0.90,2159.12万,7.75亿,17.88,1710.05亿,false,
75,601186,中国铁建,SH,6.59,-1.05,1,上交所主板,否,A股,7.83,7.39,7.56,6.59,894.89亿,6.59,5.08,0.32,22.95,24.50,27.11,27.41,28.07,0.00,0.00,0.09,0.14,0.14,4.55,4.50,4.44,4.44,4.42,-,-,-,-,-,-,-,-,-,-,-,-,-,-,-,-,-,-,-,-,-,-,-,-,-,-,-,-,-,-,-,-,9.72|2025年报,10.27|2024年报,10.39|2023年报,5.91|2025年报,7.69|2024年报,9.80|2023年报,-3.50,1.03万亿|2025年报,1.07万亿|2024年报,1.14万亿|2023年报,1.10万亿|2022年报,-17.34,183.63亿|2025年报,222.15亿|2024年报,260.97亿|2023年报,266.81亿|2022年报,29.57亿|2025年报,-314.24亿|2024年报,204.12亿|2023年报,79.57|2026一季报,41.43|2026一季报,基础建设,建筑装饰-基础建设-基建市政工程,建筑装饰-基础建设-基建市政工程,【AH股】【HS300_】【MSCI中国】【PPP模式】【REITs概念】【一带一路】【上证180_】【中字头】【中特估】【商业航天】【大盘价值】【大盘股】【央国企改革】【富时罗素】【工程建设】【机构重仓】【标准普尔】【沪股通】【破净股】【融资融券】【装配建筑】【证金持股】【铁路基建】【长期破净】【雅下水电概念】,工程承包、规划设计咨询、投资运营、房地产开发、工业制造、物资物流、绿色环保、产业金融,6.59,-6.52,-8.08,-2.29,-,1.82,102.05亿,434.66亿,172.73亿,-,316.57亿,12.95,51.32,18.93,-,33.48,21.77亿,-,38.51亿,19.37亿,23.90亿,-0.07,6.67,6.58,0.56,1.24,6486.23万,4.29亿,5.09,758.06亿,false,
76,600436,片仔癀,SH,135.31,-1.96,1,上交所主板,否,A股,209.24,258.46,211.86,135.31,816.35亿,135.31,42.91,5.37,40.54,43.15,42.91,44.79,46.14,23.17,24.04,23.97,24.55,24.97,2.38,2.33,2.34,2.31,2.29,-,-,-,-,-,-,-,-,-,-,-,-,-,-,-,-,-,-,-,-,-,-,-,-,-,-,-,-,-,-,-,-,36.43|2025年报,42.74|2024年报,46.76|2023年报,14.84|2025年报,21.36|2024年报,22.64|2023年报,-16.56,90.01亿|2025年报,107.88亿|2024年报,100.58亿|2023年报,86.94亿|2022年报,-27.49,21.59亿|2025年报,29.77亿|2024年报,27.97亿|2023年报,24.72亿|2022年报,7702.66万|2025年报,13.14亿|2024年报,22.07亿|2023年报,14.30|2026一季报,40.63|2026一季报,中药Ⅱ,医药生物-中药Ⅱ-中药Ⅲ,医药生物-中药Ⅱ-中药Ⅲ,【HS300_】【MSCI中国】【上证180_】【专精特新】【中药概念】【化妆品概念】【大盘股】【央国企改革】【富时罗素】【机构重仓】【标准普尔】【沪股通】【百元股】【茅指数】【融资融券】【行业龙头】【证金持股】,医药制造业、医药流通业及化妆品业等,135.31,-10.45,-10.48,-14.23,-,0.00,107.26亿,272.98亿,234.44亿,-,413.39亿,12.39,27.66,21.78,-,33.61,1.31亿,-,2.03亿,1.04亿,1.23亿,-2.70,137.40,135.10,0.47,0.92,283.55万,3.86亿,27.45,816.35亿,false,
77,600886,国投电力,SH,13.36,-0.15,1,上交所主板,否,A股,13.88,12.14,9.91,13.36,1069.40亿,13.36,14.39,1.55,37.90,38.09,39.20,39.19,39.09,11.25,11.45,13.71,13.69,13.57,3.42,3.41,3.36,3.36,3.37,-,-,-,-,-,-,-,-,-,-,-,-,-,-,-,-,-,-,-,-,-,-,-,-,-,-,-,-,-,-,-,-,41.14|2025年报,37.48|2024年报,36.08|2023年报,11.35|2025年报,11.80|2024年报,12.78|2023年报,-8.31,530.14亿|2025年报,578.19亿|2024年报,567.12亿|2023年报,504.89亿|2022年报,11.30,73.93亿|2025年报,66.43亿|2024年报,67.05亿|2023年报,40.81亿|2022年报,315.70亿|2025年报,246.57亿|2024年报,212.68亿|2023年报,59.58|2026一季报,84.12|2026一季报,电力,公用事业-电力-水力发电,公用事业-电力-水力发电,【GDR】【HS300_】【MSCI中国】【上证180_】【中特估】【大盘价值】【大盘股】【央国企改革】【富时罗素】【机构重仓】【标准普尔】【沪股通】【绿色电力】【融资融券】【证金持股】,投资建设、经营管理以电力生产为主的能源项目;开发经营新能源项目、高新技术、环保产业;开发和经营电力配套产品及信息、咨询服务,13.36,-5.65,7.93,0.46,-,-8.54,123.28亿,226.94亿,180.01亿,-,276.95亿,12.21,22.18,17.35,-,25.40,12.93亿,-,18.93亿,18.68亿,21.08亿,-0.02,13.45,13.09,0.73,1.04,5458.24万,7.23亿,12.62,995.88亿,false,
78,600009,上海机场,SH,26.07,-1.70,1,上交所主板,否,A股,33.36,40.19,49.27,26.07,648.70亿,26.07,29.82,1.50,73.79,74.94,75.61,76.16,76.65,2.92,3.65,4.60,5.01,5.65,1.96,1.92,1.90,1.89,1.87,-,-,-,-,-,-,-,-,-,-,-,-,-,-,-,-,-,-,-,-,-,-,-,-,-,-,-,-,-,-,-,-,27.51|2025年报,21.93|2024年报,16.51|2023年报,5.03|2025年报,4.69|2024年报,2.33|2023年报,7.90,133.46亿|2025年报,123.69亿|2024年报,110.47亿|2023年报,54.80亿|2022年报,9.45,21.17亿|2025年报,19.34亿|2024年报,9.34亿|2023年报,-29.95亿|2022年报,59.82亿|2025年报,55.31亿|2024年报,40.20亿|2023年报,36.51|2026一季报,74.54|2026一季报,航空机场,交通运输-航空机场-机场,交通运输-航空机场-机场,【HS300_】【MSCI中国】【上海自贸】【上证180_】【免税概念】【大盘成长】【大盘股】【央国企改革】【富时罗素】【标准普尔】【沪股通】【破增发价股】【融资融券】【证金持股】【长江三角】【零售概念】,为国内外航空运输企业及旅客提供地面保障服务。,26.07,-5.61,-15.69,3.41,-,1.34,67.27亿,232.73亿,277.84亿,-,228.54亿,12.05,36.95,41.76,-,34.66,8.54亿,-,7.09亿,4.57亿,4.32亿,-0.45,26.65,26.06,0.66,1.24,1343.78万,3.53亿,28.07,533.47亿,false,
79,600019,宝钢股份,SH,6.22,-2.05,1,上交所主板,否,A股,6.34,6.05,5.37,6.22,1354.85亿,6.22,13.37,0.65,59.49,61.22,61.21,61.95,62.51,9.80,11.54,11.53,12.49,13.51,3.48,3.41,3.41,3.37,3.33,-,-,-,-,-,-,-,-,-,-,-,-,-,-,-,-,-,-,-,-,-,-,-,-,-,-,-,-,-,-,-,-,7.24|2025年报,5.45|2024年报,6.20|2023年报,5.07|2025年报,3.65|2024年报,6.01|2023年报,-1.43,3175.08亿|2025年报,3221.16亿|2024年报,3445.00亿|2023年报,3677.78亿|2022年报,40.53,103.46亿|2025年报,73.62亿|2024年报,119.44亿|2023年报,121.87亿|2022年报,335.97亿|2025年报,277.36亿|2024年报,253.02亿|2023年报,37.83|2026一季报,29.67|2026一季报,普钢,钢铁-普钢-板材,钢铁-普钢-板材,【HS300_】【MSCI中国】【一带一路】【上证180_】【中特估】【价值股】【低碳冶金】【区块链】【参股银行】【反内卷概念】【周期股】【大盘价值】【大盘股】【央国企改革】【富时罗素】【标准普尔】【沪股通】【特斯拉概念】【破净股】【红利破净股】【红利股】【航母概念】【融资融券】【行业龙头】【证金持股】【长期破净】【长江三角】,"专注于钢铁业,同时从事与钢铁主业相关的加工配送、化工及信息科技等业务。",6.22,-2.96,-13.96,5.37,-,9.27,167.25亿,597.42亿,402.14亿,-,482.96亿,12.05,38.82,25.27,-,31.19,55.04亿,-,67.94亿,38.91亿,42.93亿,-0.13,6.36,6.22,0.55,1.16,1.20亿,7.54亿,15.23,1354.85亿,false,
80,603392,万泰生物,SH,39.56,-1.17,1,上交所主板,否,A股,60.02,77.18,-,39.56,500.19亿,39.56,-128.76,4.23,27.07,26.95,26.83,26.71,25.50,2.32,3.28,5.48,7.40,11.79,0.00,-,-,-,-,-,-,-,-,-,-,-,-,-,-,-,-,0.46,0.46,0.46,0.47,-,-,-,-,-,-,-,-,-,-,-,-,-,-,-,-,49.32|2025年报,66.20|2024年报,84.15|2023年报,-3.30|2025年报,0.85|2024年报,9.97|2023年报,-18.99,18.19亿|2025年报,22.45亿|2024年报,55.11亿|2023年报,111.85亿|2022年报,-474.89,-3.98亿|2025年报,1.06亿|2024年报,12.48亿|2023年报,47.36亿|2022年报,8975.40万|2025年报,3.55亿|2024年报,15.38亿|2023年报,12.88|2026一季报,20.03|2026一季报,生物制品,医药生物-生物制品-疫苗,医药生物-生物制品-疫苗,【HS300_】【MSCI中国】【上证180_】【体外诊断概念】【医疗器械概念】【大盘股】【富时罗素】【幽门螺杆菌概念】【沪股通】【流感】【生物疫苗】【病原体防治】【病毒防治】【破增发价股】【精准诊断】【肝炎概念】【融资融券】,体外诊断试剂、体外诊断仪器与疫苗的研发、生产及销售,39.56,-0.48,-11.55,-20.53,-,-7.30,61.44亿,94.95亿,94.24亿,-,209.36亿,11.79,17.45,14.39,-,28.21,1.82亿,-,3.57亿,2.55亿,1.66亿,-0.47,40.35,39.39,0.42,0.40,533.35万,2.13亿,-290.92,500.19亿,false,
81,600104,上汽集团,SH,12.94,-0.99,1,上交所主板,否,A股,15.04,15.47,17.86,12.94,1487.49亿,12.94,14.72,0.50,59.96,60.13,60.32,60.38,60.41,0.20,0.22,0.29,0.35,0.41,0.68,0.67,0.66,0.65,0.64,-,-,-,-,-,-,-,-,-,-,-,-,-,-,-,-,-,-,-,-,-,-,-,-,-,-,-,-,-,-,-,-,10.09|2025年报,9.38|2024年报,9.49|2023年报,3.43|2025年报,0.58|2024年报,4.98|2023年报,5.22,6461.52亿|2025年报,6140.74亿|2024年报,7261.99亿|2023年报,7209.88亿|2022年报,506.45,101.06亿|2025年报,16.66亿|2024年报,141.06亿|2023年报,161.18亿|2022年报,343.07亿|2025年报,692.68亿|2024年报,423.34亿|2023年报,61.10|2026一季报,29.39|2026一季报,乘用车,汽车-乘用车-综合乘用车,汽车-乘用车-综合乘用车,【2025年报预增】【HS300_】【MSCI中国】【一带一路】【上海自贸】【上证180_】【上证50_】【半导体概念】【华为汽车】【周期股】【固态电池】【大盘价值】【大盘股】【央国企改革】【央视50_】【富时罗素】【换电概念】【新能源车】【无人驾驶】【机构重仓】【标准普尔】【汽车整车】【沪企改革】【沪股通】【燃料电池概念】【电池技术】【破净股】【破增发价股】【融资融券】【证金持股】【超级品牌】【车联网(车路云)】【长期破净】【长江三角】,整车、零部件、移动出行和服务、金融、国际经营、创新科技等领域,12.94,-11.31,-4.14,-11.10,-,7.27,178.78亿,568.32亿,489.77亿,-,904.77亿,11.20,33.74,26.93,-,42.87,30.95亿,-,49.28亿,22.59亿,43.78亿,-0.13,13.13,12.92,0.36,1.00,4125.31万,5.37亿,12.29,1487.49亿,false,
82,601607,上海医药,SH,16.73,-0.95,1,上交所主板,否,A股,18.03,17.96,17.55,16.73,620.41亿,16.73,10.68,0.80,5.08,5.26,5.38,5.57,5.56,0.03,0.08,0.20,0.31,0.29,2.45,2.43,2.40,2.39,2.39,-,-,-,-,-,-,-,-,-,-,-,-,-,-,-,-,-,-,-,-,-,-,-,-,-,-,-,-,-,-,-,-,10.73|2025年报,11.13|2024年报,12.04|2023年报,7.74|2025年报,6.50|2024年报,5.56|2023年报,3.03,2835.80亿|2025年报,2752.51亿|2024年报,2602.95亿|2023年报,2319.81亿|2022年报,25.74,57.25亿|2025年报,45.53亿|2024年报,37.68亿|2023年报,56.17亿|2022年报,61.54亿|2025年报,58.27亿|2024年报,52.32亿|2023年报,61.14|2026一季报,37.24|2026一季报,医药商业,医药生物-医药商业-医药流通,医药生物-医药商业-医药流通,【AH股】【HS300_】【MSCI中国】【上证180_】【中药概念】【互联医疗】【内贸流通】【创新药】【医疗器械概念】【单抗概念】【大盘价值】【大盘股】【央国企改革】【央视50_】【富时罗素】【标准普尔】【沪企改革】【沪股通】【流感】【独家药品】【电商概念】【破净股】【精准医疗】【融资融券】【行业龙头】【长期破净】,化学原料药、化学药制剂、抗生素、生化药品、生物制品中成药、医疗器械、制药设备、化学危险物品等的生产、销售及进出口业务。,16.73,-1.88,-3.89,-0.50,-,2.06,50.24亿,128.77亿,149.66亿,-,216.06亿,10.54,26.60,29.68,-,41.47,8.28亿,-,11.57亿,6.21亿,6.06亿,-0.16,16.92,16.67,0.33,1.03,912.77万,1.53亿,10.94,466.63亿,false,
83,000166,申万宏源,SZ,4.54,-2.78,0,深交所主板,否,A股,4.76,4.56,4.49,4.54,1136.81亿,4.54,11.50,0.99,4.41,5.03,5.80,6.02,5.95,0.04,0.69,2.59,3.28,2.92,1.78,1.73,1.71,1.69,1.70,-,-,-,-,-,-,-,-,-,-,-,-,-,-,-,-,-,-,-,-,-,-,-,-,-,-,-,-,-,-,-,-,-,-,-,8.76|2025年报,5.08|2024年报,4.72|2023年报,30.29,242.56亿|2025年报,186.17亿|2024年报,215.01亿|2023年报,206.10亿|2022年报,82.46,95.07亿|2025年报,52.11亿|2024年报,46.06亿|2023年报,27.89亿|2022年报,15.24亿|2025年报,264.18亿|2024年报,692.47亿|2023年报,81.23|2026一季报,-,证券Ⅱ,非银金融-证券Ⅱ-证券Ⅲ,非银金融-证券Ⅱ-证券Ⅲ,【2025年报预增】【AH股】【HS300_】【MSCI中国】【互联网金融】【券商概念】【参股期货】【周期股】【大盘股】【央国企改革】【富时罗素】【机构重仓】【标准普尔】【深成500】【深股通】【深证100R】【破净股】【科创板做市商】【融资融券】【西部大开发】【证金持股】,企业金融、个人金融、机构服务及交易、投资管理,4.54,-2.99,-11.20,-0.57,-,7.29,108.84亿,300.70亿,289.56亿,-,384.77亿,10.25,26.24,24.04,-,31.86,54.17亿,-,71.80亿,41.78亿,44.77亿,-0.13,4.67,4.52,0.58,1.41,1.31亿,6.02亿,12.06,1023.11亿,false,-
84,002304,洋河股份,SZ,45.95,-2.55,0,深交所主板,否,A股,80.34,107.90,106.36,45.95,692.21亿,45.95,68.16,1.41,99.73,99.78,99.78,99.80,99.83,0.00,0.02,0.00,0.00,0.00,5.04,4.91,4.93,4.87,4.80,-,-,-,-,-,-,-,-,-,-,-,-,-,-,-,-,-,-,-,-,-,-,-,-,-,-,-,-,-,-,-,-,71.60|2025年报,73.16|2024年报,75.25|2023年报,4.62|2025年报,12.07|2024年报,20.34|2023年报,-33.47,192.11亿|2025年报,288.76亿|2024年报,331.26亿|2023年报,301.05亿|2022年报,-66.94,22.06亿|2025年报,66.73亿|2024年报,100.16亿|2023年报,93.78亿|2022年报,-7.63亿|2025年报,46.29亿|2024年报,61.30亿|2023年报,18.17|2026一季报,1.96|2026一季报,白酒Ⅱ,食品饮料-白酒Ⅱ-白酒Ⅲ,食品饮料-白酒Ⅱ-白酒Ⅲ,【2025年报预减】【HS300_】【MSCI中国】【参股保险】【参股券商】【味蕾经济】【大盘价值】【大盘股】【央国企改革】【富时罗素】【机构重仓】【标准普尔】【深成500】【深股通】【深证100R】【白酒】【融资融券】【证金持股】【超级品牌】【酿酒概念】【长江三角】,"主要业务是白酒的生产与销售,白酒生产采用固态发酵方式,白酒销售主要采用批发经销和线上直销两种模式",45.95,-9.44,-16.46,-10.60,-,5.25,72.69亿,274.40亿,177.83亿,-,293.40亿,9.80,32.63,17.68,-,27.69,2.66亿,-,4.17亿,3.63亿,2.97亿,-1.20,46.72,45.91,0.45,0.94,676.50万,3.13亿,7.07,692.20亿,false,
85,600519,贵州茅台,SH,1332.95,-0.69,1,上交所主板,否,A股,1497.47,1578.98,1332.13,1332.95,1.67万亿,1332.95,20.18,6.16,23.41,24.22,24.32,25.16,25.56,33.74,33.91,33.93,34.06,34.15,3.87,3.85,3.84,3.81,3.79,-,-,-,-,-,-,-,-,-,-,-,-,-,-,-,-,-,-,-,-,-,-,-,-,-,-,-,-,-,-,-,-,91.18|2025年报,91.93|2024年报,91.96|2023年报,32.53|2025年报,36.02|2024年报,34.19|2023年报,-1.21,1688.38亿|2025年报,1708.99亿|2024年报,1476.94亿|2023年报,1241.00亿|2022年报,-4.53,823.20亿|2025年报,862.28亿|2024年报,747.34亿|2023年报,627.17亿|2022年报,615.22亿|2025年报,924.64亿|2024年报,665.93亿|2023年报,12.12|2026一季报,43.73|2026一季报,白酒Ⅱ,食品饮料-白酒Ⅱ-白酒Ⅲ,食品饮料-白酒Ⅱ-白酒Ⅲ,【HS300_】【MSCI中国】【上证180_】【上证50_】【东方财富热股】【味蕾经济】【大盘股】【央国企改革】【央视50_】【富时罗素】【机构重仓】【权重股】【标准普尔】【沪股通】【电商概念】【白酒】【百元股】【茅指数】【融资融券】【行业龙头】【西部大开发】【证金持股】【超级品牌】【酿酒概念】,茅台酒及系列酒的生产与销售,1332.95,-8.07,5.29,-3.02,-,2.49,1620.95亿,3947.76亿,2722.17亿,-,3659.94亿,9.23,22.07,15.12,-,20.10,1.89亿,-,2.52亿,1.79亿,1.79亿,-9.22,1339.28,1327.11,0.46,1.15,581.84万,77.49亿,15.32,1.67万亿,false,
86,603288,海天味业,SH,36.81,-1.45,1,上交所主板,否,A股,39.14,51.74,52.96,36.81,2154.06亿,36.81,29.59,5.13,3.39,4.66,5.17,5.44,6.38,0.60,0.84,1.14,1.18,1.28,3.74,3.69,3.65,3.64,3.61,-,-,-,-,-,-,-,-,-,-,-,-,-,-,-,-,-,-,-,-,-,-,-,-,-,-,-,-,-,-,-,-,40.22|2025年报,36.97|2024年报,34.74|2023年报,19.59|2025年报,21.77|2024年报,20.72|2023年报,7.32,288.73亿|2025年报,269.05亿|2024年报,245.59亿|2023年报,256.10亿|2022年报,10.95,70.38亿|2025年报,63.44亿|2024年报,56.27亿|2023年报,61.98亿|2022年报,77.46亿|2025年报,68.40亿|2024年报,73.56亿|2023年报,12.09|2026一季报,6.22|2026一季报,调味发酵品Ⅱ,食品饮料-调味发酵品Ⅱ-调味发酵品Ⅲ,食品饮料-调味发酵品Ⅱ-调味发酵品Ⅲ,【AH股】【HS300_】【MSCI中国】【上证180_】【味蕾经济】【大盘股】【富时罗素】【标准普尔】【沪股通】【茅指数】【融资融券】【行业龙头】【调味品概念】【超级品牌】,调味品的生产与销售,36.81,-10.22,11.66,-5.02,-,0.81,199.90亿,415.55亿,273.23亿,-,436.69亿,9.00,20.01,12.96,-,19.82,7.21亿,-,11.02亿,8.37亿,5.60亿,-0.54,37.33,36.73,0.28,0.94,1535.71万,5.68亿,22.04,2046.86亿,false,
87,601816,京沪高铁,SH,4.96,0.20,1,上交所主板,否,A股,5.20,4.97,-,4.96,2426.71亿,4.96,18.18,1.15,0.52,0.46,0.85,2.10,0.20,1.70,1.44,2.29,3.54,0.26,3.16,3.17,3.14,3.10,3.21,-,-,-,-,-,-,-,-,-,-,-,-,-,-,-,-,-,-,-,-,-,-,-,-,-,-,-,-,-,-,-,-,46.88|2025年报,47.39|2024年报,45.80|2023年报,6.44|2025年报,6.42|2024年报,6.09|2023年报,2.15,430.62亿|2025年报,421.57亿|2024年报,406.83亿|2023年报,193.36亿|2022年报,3.16,131.72亿|2025年报,127.68亿|2024年报,115.46亿|2023年报,-5.76亿|2022年报,212.05亿|2025年报,200.65亿|2024年报,210.81亿|2023年报,19.77|2026一季报,87.86|2026一季报,铁路公路,交通运输-铁路公路-铁路运输,交通运输-铁路公路-铁路运输,【HS300_】【MSCI中国】【上证180_】【上证50_】【中特估】【大盘股】【央国企改革】【富时罗素】【机构重仓】【权重股】【沪股通】【融资融券】【行业龙头】【铁路基建】,"高铁旅客运输,具体主要包括:(1)为乘坐担当列车的旅客提供高铁运输服务并收取票价款;(2)其他铁路运输企业担当的列车在京沪高速铁路上运行时,向其提供线路使用、接触网使用等服务并收取相应费用等。",4.96,-1.98,-1.75,1.18,-,-8.94,206.79亿,523.21亿,360.39亿,-,508.43亿,8.49,21.39,14.23,-,19.28,69.60亿,-,94.31亿,63.47亿,61.52亿,0.01,5.00,4.93,0.39,0.73,1.89亿,9.38亿,19.30,2426.71亿,false,
88,601800,中国交建,SH,6.69,-1.33,1,上交所主板,否,A股,8.40,8.04,8.13,6.69,1088.77亿,6.69,8.13,0.37,59.31,60.81,62.13,62.12,62.43,0.00,0.00,0.03,0.00,0.03,4.17,4.12,4.05,4.05,4.04,-,-,-,-,-,-,-,-,-,-,-,-,-,-,-,-,-,-,-,-,-,-,-,-,-,-,-,-,-,-,-,-,11.37|2025年报,12.29|2024年报,12.59|2023年报,4.79|2025年报,8.03|2024年报,8.87|2023年报,-5.29,7311.09亿|2025年报,7719.44亿|2024年报,7587.19亿|2023年报,7218.87亿|2022年报,-36.92,147.51亿|2025年报,233.84亿|2024年报,238.16亿|2023年报,192.63亿|2022年报,153.33亿|2025年报,125.06亿|2024年报,120.61亿|2023年报,77.87|2026一季报,46.70|2026一季报,基础建设,建筑装饰-基础建设-基建市政工程,建筑装饰-基础建设-基建市政工程,【AH股】【HS300_】【MSCI中国】【一带一路】【上证180_】【中字头】【中特估】【参股券商】【商业航天】【大盘价值】【大盘股】【央国企改革】【富时罗素】【工程建设】【机构重仓】【标准普尔】【水利建设】【沪股通】【海工装备】【破净股】【融资融券】【行业龙头】【证金持股】【铁路基建】【长期破净】【雄安新区】【雅下水电概念】【风能】,"基建建设业务,基建设计业务,疏浚业务,其他业务",6.69,-12.09,-6.28,-5.80,-,0.12,71.39亿,191.24亿,124.99亿,-,322.92亿,8.49,19.73,12.19,-,29.39,14.36亿,-,34.62亿,16.39亿,22.36亿,-0.09,6.78,6.66,0.37,0.82,4373.77万,2.94亿,6.63,788.33亿,false,
89,000708,中信特钢,SZ,14.71,-2.65,0,深交所主板,否,A股,13.48,14.80,12.19,14.71,742.44亿,14.71,12.26,1.75,33.84,37.02,37.45,39.56,40.24,44.73,46.64,46.92,49.43,49.98,1.36,1.32,1.32,1.29,1.28,-,-,-,-,-,-,-,-,-,-,-,-,-,-,-,-,-,-,-,-,-,-,-,-,-,-,-,-,-,-,-,-,14.94|2025年报,12.85|2024年报,13.14|2023年报,14.08|2025年报,13.05|2024年报,15.54|2023年报,-1.68,1073.73亿|2025年报,1092.03亿|2024年报,1140.19亿|2023年报,983.45亿|2022年报,15.67,59.29亿|2025年报,51.26亿|2024年报,57.21亿|2023年报,71.05亿|2022年报,146.36亿|2025年报,107.41亿|2024年报,106.58亿|2023年报,56.88|2026一季报,51.57|2026一季报,特钢Ⅱ,钢铁-特钢Ⅱ-特钢Ⅲ,钢铁-特钢Ⅱ-特钢Ⅲ,【HS300_】【MSCI中国】【价值股】【反内卷概念】【周期股】【商业航天】【地下管网】【大盘价值】【大盘股】【央国企改革】【富时罗素】【油气设服】【油气资源】【深成500】【深股通】【深证100R】【融资融券】【行业龙头】【转债标的】,钢铁冶炼、钢材轧制、金属改制、压延加工、钢铁材料检测。,14.71,-9.98,-0.18,21.98,-,16.09,64.04亿,166.88亿,161.86亿,-,165.07亿,7.96,20.29,21.47,-,25.37,10.84亿,-,12.80亿,8.22亿,8.77亿,-0.40,15.09,14.65,0.33,0.98,1688.93万,2.50亿,12.28,742.43亿,false,
90,600028,中国石化,SH,5.13,-0.39,1,上交所主板,否,A股,5.73,4.79,4.14,5.13,6203.48亿,5.13,17.45,0.74,70.43,70.61,70.89,71.10,71.19,11.34,11.42,11.53,11.66,11.66,4.45,4.44,4.42,4.40,4.39,-,-,-,-,-,-,-,-,-,-,-,-,-,-,-,-,-,-,-,-,-,-,-,-,-,-,-,-,-,-,-,-,15.89|2025年报,15.47|2024年报,15.65|2023年报,3.86|2025年报,6.19|2024年报,7.59|2023年报,-9.46,2.78万亿|2025年报,3.07万亿|2024年报,3.21万亿|2023年报,3.32万亿|2022年报,-36.78,318.09亿|2025年报,503.13亿|2024年报,604.63亿|2023年报,670.82亿|2022年报,1624.96亿|2025年报,1493.60亿|2024年报,1614.75亿|2023年报,55.89|2026一季报,45.70|2026一季报,炼化及贸易,石油石化-炼化及贸易-炼油化工,石油石化-炼化及贸易-炼油化工,【AH股】【HS300_】【MSCI中国】【一带一路】【上证180_】【上证50_】【中字头】【中特估】【周期股】【大盘价值】【大盘股】【天然气】【央国企改革】【富时罗素】【机构重仓】【权重股】【标准普尔】【氢能源】【沪股通】【油气资源】【破净股】【碳交易】【红利破净股】【红利股】【融资融券】【证金持股】【页岩气】,"石油与天然气勘探开采、管道运输、销售;石油炼制、石油化工、煤化工、化纤及其他化工产品的生产与销售、储运;石油、天然气、石油产品、石油化工及其他化工产品和其他商品、技术的进出口、代理进出口业务;技术、信息的研究、开发、应用;氢气的制备、储存、运输和销售等氢能业务及相关服务;新能源汽车充换电,太阳能、风能等新能源发电业务及相关服务",5.13,-12.76,-4.85,16.82,-,-4.68,408.40亿,1330.57亿,506.56亿,-,584.02亿,7.89,21.42,9.31,-,10.78,88.21亿,-,102.19亿,79.73亿,79.01亿,-0.02,5.17,5.09,0.30,0.93,2.81亿,14.44亿,9.12,4860.80亿,false,
91,601238,广汽集团,SH,6.60,-1.05,1,上交所主板,否,A股,8.36,9.93,10.05,6.60,673.01亿,6.60,-7.73,0.65,7.35,7.32,7.27,7.27,7.21,0.06,0.26,0.79,0.70,1.17,0.30,0.30,0.29,0.29,0.29,-,-,-,-,-,-,-,-,-,-,-,-,-,-,-,-,-,-,-,-,-,-,-,-,-,-,-,-,-,-,-,-,-1.33|2025年报,5.80|2024年报,6.05|2023年报,-8.01|2025年报,0.71|2024年报,3.87|2023年报,-10.43,956.62亿|2025年报,1067.98亿|2024年报,1287.57亿|2023年报,1096.00亿|2022年报,-1166.51,-87.84亿|2025年报,8.24亿|2024年报,44.29亿|2023年报,80.64亿|2022年报,-150.26亿|2025年报,109.19亿|2024年报,67.28亿|2023年报,51.67|2026一季报,47.94|2026一季报,乘用车,汽车-乘用车-综合乘用车,汽车-乘用车-综合乘用车,【AH股】【HS300_】【MSCI中国】【上证180_】【人形机器人】【低空经济】【动力电池回收】【华为概念】【华为汽车】【周期股】【固态电池】【大盘股】【央国企改革】【富时罗素】【新能源车】【无人驾驶】【机器人概念】【机构重仓】【标准普尔】【汽车拆解】【汽车整车】【沪股通】【燃料电池概念】【电池技术】【石墨烯】【破净股】【破增发价股】【融资融券】【车联网(车路云)】【锂电池概念】【长期破净】【飞行汽车(eVTOL)】,"研发、整车(汽车、摩托车)、零部件、商贸与出行、能源及生态、国际化、投资与金融等业务,构成了完整的汽车产业链闭环",6.60,-8.21,-11.89,7.09,-,1.74,34.85亿,129.75亿,284.84亿,-,157.36亿,6.70,21.83,46.20,-,27.62,34.11亿,-,20.40亿,12.35亿,16.81亿,-0.07,6.68,6.58,0.28,0.83,2081.62万,1.38亿,-25.64,487.32亿,false,
92,001289,龙源电力,SZ,17.27,-2.48,0,深交所主板,否,A股,17.36,-,-,17.27,1443.74亿,17.27,34.01,1.88,94.04,96.15,96.44,96.43,96.24,24.42,30.22,32.08,31.34,29.83,1.90,1.85,1.84,1.84,1.85,-,-,-,-,-,-,-,-,-,-,-,-,-,-,-,-,-,-,-,-,-,-,-,-,-,-,-,-,-,-,-,-,34.79|2025年报,37.54|2024年报,36.51|2023年报,6.08|2025年报,8.67|2024年报,9.07|2023年报,-18.60,302.53亿|2025年报,371.64亿|2024年报,380.52亿|2023年报,398.63亿|2022年报,-28.78,45.26亿|2025年报,63.55亿|2024年报,63.03亿|2023年报,51.11亿|2022年报,218.33亿|2025年报,171.09亿|2024年报,143.46亿|2023年报,65.94|2026一季报,75.02|2026一季报,电力,公用事业-电力-风力发电,公用事业-电力-风力发电,【AH股】【大盘价值】【大盘股】【央国企改革】【新能源】【深成500】【深股通】【深证100R】【碳交易】【绿色电力】【融资融券】【风能】,"能源投资、开发与管理,从事的主要业务包括风力发电、太阳能发电等",17.27,3.54,10.90,-13.56,-,9.78,55.18亿,83.24亿,47.48亿,-,62.28亿,6.69,9.65,5.63,-,7.30,2.84亿,-,3.68亿,4.69亿,2.15亿,-0.44,17.59,17.06,0.20,0.90,1032.12万,1.78亿,22.23,870.74亿,false,
93,601633,长城汽车,SH,19.09,-0.31,1,上交所主板,否,A股,23.83,28.34,21.78,19.09,1633.70亿,19.09,18.03,1.85,55.58,56.16,58.80,59.75,60.44,14.35,14.41,15.09,15.49,15.74,2.36,2.35,2.30,2.28,2.27,-,-,-,-,-,-,-,-,-,-,-,-,-,-,-,-,-,-,-,-,-,-,-,-,-,-,-,-,-,-,-,-,18.04|2025年报,19.51|2024年报,18.15|2023年报,11.76|2025年报,17.15|2024年报,10.59|2023年报,10.20,2228.24亿|2025年报,2021.94亿|2024年报,1732.12亿|2023年报,1373.40亿|2022年报,-22.07,98.65亿|2025年报,126.60亿|2024年报,70.22亿|2023年报,82.66亿|2022年报,403.55亿|2025年报,277.71亿|2024年报,177.54亿|2023年报,59.85|2026一季报,12.20|2026一季报,乘用车,汽车-乘用车-综合乘用车,汽车-乘用车-综合乘用车,【AH股】【HS300_】【上证180_】【人工智能】【价值股】【华为概念】【周期股】【固态电池】【大盘股】【富时罗素】【新能源车】【无人驾驶】【机构重仓】【标准普尔】【氢能源】【汽车整车】【沪股通】【燃料电池概念】【电池技术】【百度概念】【股权激励】【融资融券】【证金持股】【车联网(车路云)】【转债标的】【雄安新区】,整车及主要汽车零部件的研发、生产、销售,19.09,-7.46,-8.84,-8.01,-,16.98,81.85亿,196.44亿,216.66亿,-,353.53亿,6.48,14.99,15.36,-,23.69,9.54亿,-,14.71亿,10.13亿,11.67亿,-0.06,19.32,19.00,0.22,0.93,1349.33万,2.58亿,43.20,1185.34亿,false,
94,001965,招商公路,SZ,9.94,0.61,0,深交所主板,否,A股,10.52,8.85,7.64,9.94,675.43亿,9.94,14.59,0.96,75.69,75.28,74.73,73.14,71.84,36.42,35.11,33.74,30.56,28.50,4.20,4.22,4.25,4.30,4.34,-,-,-,-,-,-,-,-,-,-,-,-,-,-,-,-,-,-,-,-,-,-,-,-,-,-,-,-,-,-,-,-,29.83|2025年报,34.09|2024年报,36.96|2023年报,6.71|2025年报,7.94|2024年报,11.41|2023年报,5.11,133.60亿|2025年报,127.11亿|2024年报,97.31亿|2023年报,82.97亿|2022年报,-13.38,46.10亿|2025年报,53.22亿|2024年报,67.67亿|2023年报,48.61亿|2022年报,65.11亿|2025年报,71.21亿|2024年报,44.38亿|2023年报,43.16|2026一季报,76.86|2026一季报,铁路公路,交通运输-铁路公路-高速公路,交通运输-铁路公路-高速公路,【HS300_】【MSCI中国】【中特估】【光伏概念】【参股券商】【大盘股】【央国企改革】【富时罗素】【标准普尔】【深成500】【深股通】【深证100R】【破净股】【融资融券】,"投资运营,交通科技,智慧交通,交通生态",9.94,0.81,-2.18,3.49,-,-15.89,39.69亿,89.63亿,109.58亿,-,140.15亿,6.30,13.46,15.97,-,18.88,10.85亿,-,12.88亿,9.80亿,11.31亿,0.06,10.07,9.77,0.23,1.36,1548.43万,1.54亿,12.52,675.43亿,false,
95,603195,公牛集团,SH,42.79,-0.07,1,上交所主板,否,A股,47.01,47.20,-,42.79,773.60亿,42.79,18.62,4.34,0.53,0.59,1.65,3.36,4.02,1.38,1.38,1.38,1.58,2.18,4.01,4.01,3.98,3.93,3.90,-,-,-,-,-,-,-,-,-,-,-,-,-,-,-,-,-,-,-,-,-,-,-,-,-,-,-,-,-,-,-,-,43.14|2025年报,43.25|2024年报,43.20|2023年报,24.91|2025年报,28.64|2024年报,29.20|2023年报,-4.78,160.26亿|2025年报,168.31亿|2024年报,156.95亿|2023年报,140.81亿|2022年报,-4.72,40.71亿|2025年报,42.72亿|2024年报,38.70亿|2023年报,31.89亿|2022年报,47.44亿|2025年报,37.30亿|2024年报,48.27亿|2023年报,26.86|2026一季报,15.97|2026一季报,家居用品,轻工制造-家居用品-其他家居用品,轻工制造-家居用品-其他家居用品,【HS300_】【MSCI中国】【上证180_】【储能概念】【充电桩】【养老金】【华为概念】【大盘股】【富时罗素】【无线充电】【智能家居】【沪股通】【消费电子概念】【股权激励】【融资融券】【行业龙头】【超级品牌】,转换器、墙壁开关插座、LED照明和数码配件等电源连接和用电延伸性产品的研发、生产和销售,42.79,2.25,2.50,-8.58,-,-7.44,48.94亿,79.58亿,80.77亿,-,137.79亿,6.28,10.39,10.35,-,16.22,1.86亿,-,2.92亿,1.37亿,1.17亿,-0.03,43.20,42.60,0.21,0.73,384.84万,1.65亿,18.28,770.50亿,false,
96,600000,浦发银行,SH,9.07,0.55,1,上交所主板,否,A股,9.16,8.25,8.22,9.07,3020.84亿,9.07,6.01,0.40,32.68,32.21,32.29,32.28,32.88,8.16,7.96,7.99,7.98,8.23,4.11,4.13,4.13,4.13,4.10,-,-,-,-,-,-,-,-,-,-,-,-,-,-,-,-,-,-,-,-,-,-,-,-,-,-,-,-,-,-,-,-,-,-,-,6.76|2025年报,6.28|2024年报,5.21|2023年报,1.88,1739.64亿|2025年报,1707.48亿|2024年报,1734.34亿|2023年报,1886.22亿|2022年报,10.52,500.17亿|2025年报,452.57亿|2024年报,367.02亿|2023年报,511.71亿|2022年报,3758.36亿|2025年报,-3336.54亿|2024年报,3883.97亿|2023年报,91.84|2026一季报,-,银行Ⅱ,银行-银行Ⅱ-股份制银行Ⅲ,银行-股份制银行Ⅱ-股份制银行Ⅲ,【HS300_】【MSCI中国】【上证180_】【互联网金融】【大盘价值】【大盘股】【富时罗素】【机构重仓】【权重股】【标准普尔】【沪股通】【破净股】【蚂蚁概念】【融资融券】【证金持股】【跨境支付】【长期破净】【长江三角】,"吸收公众存款;发放短期、中期和长期贷款;办理结算;办理票据贴现;发行金融债券;代理发行、代理兑付、承销政府债券,买卖政府债券;同业拆借;提供信用证服务及担保;代理收付款项及代理保险业务;提供保管箱服务;外汇存款;外汇贷款;外汇汇款;外币兑换;国际结算;同业外汇拆借;外汇票据的承兑和贴现;外汇借款;外汇担保;结汇、售汇;买卖和代理买卖股票以外的外币有价证券;自营外汇买卖;代客外汇买卖;银行卡业务;资信调查、咨询、见证业务;离岸银行业务;证券投资基金托管业务;公募证券投资基金销售;经批准的其他业务",9.07,-10.90,-18.17,4.54,-,-11.66,194.48亿,509.50亿,701.53亿,-,767.09亿,6.16,14.72,17.59,-,18.08,58.60亿,-,56.68亿,40.05亿,26.00亿,0.05,9.22,8.93,0.52,1.71,1.72亿,15.59亿,4.23,3020.84亿,false,-
97,600018,上港集团,SH,5.10,-0.20,1,上交所主板,否,A股,5.28,5.10,4.85,5.10,1187.28亿,5.10,8.69,0.82,9.04,9.23,9.36,9.63,9.21,0.52,0.61,0.63,0.65,0.59,3.82,3.82,3.81,3.79,3.82,-,-,-,-,-,-,-,-,-,-,-,-,-,-,-,-,-,-,-,-,-,-,-,-,-,-,-,-,-,-,-,-,36.12|2025年报,35.50|2024年报,37.40|2023年报,9.88|2025年报,11.67|2024年报,11.25|2023年报,3.92,396.11亿|2025年报,381.17亿|2024年报,375.52亿|2023年报,372.80亿|2022年报,-9.29,135.65亿|2025年报,149.54亿|2024年报,132.03亿|2023年报,172.24亿|2022年报,118.03亿|2025年报,92.21亿|2024年报,134.15亿|2023年报,29.09|2026一季报,74.72|2026一季报,航运港口,交通运输-航运港口-港口,交通运输-航运港口-港口,【F5G概念】【HS300_】【一带一路】【上海自贸】【上证180_】【体育产业】【免税概念】【参股银行】【大盘价值】【大盘股】【央国企改革】【富时罗素】【机构重仓】【标准普尔】【沪企改革】【沪股通】【破净股】【融资融券】【证金持股】【长期破净】【长江三角】【零售概念】,集装箱板块、散杂货板块、港口物流板块和港口服务板块。,5.10,0.20,-5.21,-0.56,-,-2.17,68.15亿,203.06亿,122.87亿,-,158.60亿,5.85,17.09,9.47,-,12.02,22.02亿,-,27.91亿,20.76亿,19.79亿,-0.01,5.13,5.07,0.27,1.22,6392.49万,3.26亿,7.41,1185.58亿,false,
98,601066,中信建投,SH,22.17,-1.38,1,上交所主板,否,A股,23.56,24.42,-,22.17,1719.66亿,22.17,15.27,1.99,0.63,0.73,1.10,1.31,1.36,9.08,9.92,11.13,11.71,11.92,1.49,1.47,1.44,1.43,1.43,-,-,-,-,-,-,-,-,-,-,-,-,-,-,-,-,-,-,-,-,-,-,-,-,-,-,-,-,-,-,-,-,-,-,-,10.51|2025年报,8.22|2024年报,8.59|2023年报,22.41,233.22亿|2025年报,190.53亿|2024年报,232.43亿|2023年报,275.65亿|2022年报,30.68,94.39亿|2025年报,72.23亿|2024年报,70.34亿|2023年报,75.19亿|2022年报,830.52亿|2025年报,295.00亿|2024年报,-200.57亿|2023年报,83.73|2026一季报,-,证券Ⅱ,非银金融-证券Ⅱ-证券Ⅲ,非银金融-证券Ⅱ-证券Ⅲ,【AH股】【HS300_】【MSCI中国】【上证180_】【互联网金融】【券商概念】【周期股】【大盘股】【富时罗素】【机构重仓】【标准普尔】【沪股通】【破增发价股】【科创板做市商】【融资融券】【证金持股】,投资银行业务、财富管理业务、交易及机构客户服务业务以及资产管理业务,22.17,3.36,-19.39,-0.19,-,12.39,80.34亿,209.66亿,262.62亿,-,371.64亿,5.54,13.17,15.38,-,21.63,9.99亿,-,14.05亿,6.62亿,7.15亿,-0.31,22.56,22.01,0.18,0.80,1192.77万,2.65亿,11.72,1440.09亿,false,-
99,601628,中国人寿,SH,35.36,-1.75,1,上交所主板,否,A股,36.18,33.58,30.43,35.36,9994.40亿,35.36,6.90,1.67,0.45,0.68,0.83,1.41,1.51,4.19,5.83,6.96,11.09,12.78,1.95,1.91,1.89,1.83,1.81,-,-,-,-,-,-,-,-,-,-,-,-,-,-,-,-,-,-,-,-,-,-,-,-,-,-,-,-,-,-,-,-,-,-,-,27.81|2025年报,21.59|2024年报,14.75|2023年报,16.48,6156.78亿|2025年报,5285.67亿|2024年报,4050.40亿|2023年报,3888.95亿|2022年报,44.09,1540.78亿|2025年报,1069.35亿|2024年报,511.84亿|2023年报,666.80亿|2022年报,4599.25亿|2025年报,3787.95亿|2024年报,3843.66亿|2023年报,92.07|2026一季报,-,保险Ⅱ,非银金融-保险Ⅱ-保险Ⅲ,非银金融-保险Ⅱ-保险Ⅲ,【2025三季报预增】【AH股】【HS300_】【MSCI中国】【上证180_】【上证50_】【中字头】【参股期货】【参股银行】【周期股】【大盘股】【央国企改革】【富时罗素】【机构重仓】【权重股】【标准普尔】【沪股通】【蚂蚁概念】【融资融券】【行业龙头】【证金持股】,主要从事人寿保险、健康保险、意外伤害保险等各类人身保险业务;人身保险的再保险业务;国家法律、法规允许或国务院批准的资金运用业务;各类人身保险服务、咨询和代理业务;证券投资基金销售业务;国家保险监督管理部门批准的其他业务。,35.36,-2.70,-20.13,15.48,-,-2.72,307.51亿,534.82亿,452.69亿,-,462.01亿,3.98,5.68,4.95,-,5.45,10.30亿,-,11.35亿,7.22亿,7.77亿,-0.63,36.25,35.12,0.15,0.65,3045.91万,10.85亿,12.81,7363.20亿,false,-
